date,name,code,open,high,low,close,volume,turnover,turnover_rate
2017-11-01,佳力图,603912,3.11,3.86,3.11,3.86,96,117723.0,0.03
2017-11-02,佳力图,603912,4.31,4.31,4.31,4.31,45,61560.0,0.01
2017-11-03,佳力图,603912,4.81,4.81,4.81,4.81,80,120596.0,0.02
2017-11-06,佳力图,603912,5.36,5.36,5.36,5.36,83,137448.0,0.02
2017-11-07,佳力图,603912,5.97,5.97,5.97,5.97,76,138472.0,0.02
2017-11-08,佳力图,603912,6.63,6.63,6.63,6.63,460,922622.0,0.12
2017-11-09,佳力图,603912,7.36,7.36,7.36,7.36,335,738340.0,0.09
2017-11-10,佳力图,603912,8.16,8.16,8.16,8.16,1501,3639054.0,0.41
2017-11-13,佳力图,603912,9.04,9.04,9.04,9.04,1814,4836604.0,0.49
2017-11-14,佳力图,603912,10.02,10.02,10.02,10.02,2130,6248581.0,0.58
2017-11-15,佳力图,603912,11.08,11.08,11.08,11.08,3675,11854647.0,0.99
2017-11-16,佳力图,603912,12.26,12.26,10.65,10.85,237407,788200672.0,64.16
2017-11-17,佳力图,603912,10.26,10.44,9.7,9.7,138941,403132640.0,37.55
2017-11-20,佳力图,603912,8.96,9.12,8.66,8.66,123942,319619984.0,33.5
2017-11-21,佳力图,603912,8.69,9.6,8.19,9.6,124966,327401632.0,33.77
2017-11-22,佳力图,603912,9.89,10.5,9.71,9.8,193912,572070784.0,52.41
2017-11-23,佳力图,603912,9.01,9.54,8.75,8.75,143709,386553664.0,38.84
2017-11-24,佳力图,603912,8.43,9.7,8.31,9.7,94553,258693538.0,25.55
2017-11-27,佳力图,603912,9.7,10.33,9.21,9.79,186209,537311792.0,50.33
2017-11-28,佳力图,603912,9.26,10.39,9.02,10.14,176996,516112688.0,47.84
2017-11-29,佳力图,603912,9.9,10.52,9.61,10.41,176653,523651024.0,47.74
2017-11-30,佳力图,603912,10.17,11.25,10.06,10.83,180890,560455360.0,48.89
2017-12-01,佳力图,603912,10.41,10.76,10.08,10.12,143439,436223776.0,38.77
2017-12-04,佳力图,603912,9.57,9.83,9.04,9.04,102400,279404800.0,27.68
2017-12-05,佳力图,603912,8.58,8.82,8.07,8.25,122911,306135120.0,33.22
2017-12-06,佳力图,603912,8.26,8.53,8.09,8.47,92529,229044974.0,25.01
2017-12-07,佳力图,603912,8.34,8.75,8.01,8.4,106751,264850753.0,28.85
2017-12-08,佳力图,603912,8.2,9.17,8.15,8.64,128167,329816688.0,34.64
2017-12-11,佳力图,603912,8.8,9.53,8.77,9.45,150260,406619104.0,40.61
2017-12-12,佳力图,603912,9.06,9.23,8.64,8.73,123853,327589136.0,33.47
2017-12-13,佳力图,603912,8.5,9.21,8.5,9.03,107732,285486880.0,29.12
2017-12-14,佳力图,603912,8.93,9.24,8.73,9.11,97758,258915602.0,26.42
2017-12-15,佳力图,603912,8.99,9.53,8.95,9.39,132512,362192336.0,35.81
2017-12-18,佳力图,603912,9.43,9.64,8.88,9.09,113050,310172544.0,30.55
2017-12-19,佳力图,603912,8.99,9.46,8.73,9.44,100866,268989856.0,27.26
2017-12-20,佳力图,603912,9.24,9.28,8.91,8.94,72605,195044767.0,19.62
2017-12-21,佳力图,603912,8.8,9.3,8.5,9.02,91124,240651697.0,24.63
2017-12-22,佳力图,603912,8.92,9.12,8.66,8.67,68370,179117949.0,18.48
2017-12-25,佳力图,603912,8.5,8.62,8.18,8.48,67122,167288248.0,18.14
2017-12-26,佳力图,603912,8.49,9.12,8.47,8.88,95395,249030992.0,25.78
2017-12-27,佳力图,603912,8.82,9.35,8.8,9.12,121382,326131456.0,32.81
2017-12-28,佳力图,603912,8.92,10.07,8.62,9.75,176581,490435728.0,47.72
2017-12-29,佳力图,603912,9.58,10.04,9.49,9.62,137196,391662016.0,37.08
2018-01-02,佳力图,603912,9.64,10.02,9.5,9.85,101630,292087680.0,27.47
2018-01-03,佳力图,603912,9.64,9.75,9.17,9.47,102690,285849600.0,27.75
2018-01-04,佳力图,603912,9.35,9.64,9.26,9.49,74737,208114681.0,20.2
2018-01-05,佳力图,603912,9.46,9.58,8.82,8.84,92471,249083246.0,24.99
2018-01-08,佳力图,603912,8.78,9.02,8.59,8.94,66353,173011166.0,17.93
2018-01-09,佳力图,603912,8.98,9.31,8.82,9.23,74653,200067831.0,20.18
2018-01-10,佳力图,603912,9.13,9.16,8.64,8.8,62324,164718181.0,16.84
2018-01-11,佳力图,603912,8.8,9.75,8.66,9.75,81586,229376402.0,22.05
2018-01-12,佳力图,603912,10.26,10.77,10.08,10.16,213470,646759184.0,57.69
2018-01-15,佳力图,603912,9.7,10.62,9.13,10.47,167257,476121696.0,45.2
2018-01-16,佳力图,603912,10.14,11.17,10.03,10.45,178072,552351312.0,48.13
2018-01-17,佳力图,603912,10.84,11.56,10.84,11.56,68063,224454529.0,18.4
2018-01-18,佳力图,603912,12.17,12.17,10.34,10.44,184278,591486240.0,49.8
2018-01-19,佳力图,603912,9.96,10.68,9.83,10.02,130813,391463552.0,35.35
2018-01-22,佳力图,603912,9.9,9.9,9.28,9.41,94395,263965681.0,25.51
2018-01-23,佳力图,603912,9.4,9.67,9.27,9.49,60719,169492652.0,16.41
2018-01-24,佳力图,603912,9.44,10.0,9.44,9.9,88027,251243657.0,23.79
2018-01-25,佳力图,603912,9.79,10.19,9.72,9.85,93918,274325232.0,25.38
2018-01-26,佳力图,603912,9.73,10.04,9.41,9.45,70126,199499026.0,18.95
2018-01-29,佳力图,603912,9.47,9.89,9.4,9.8,71969,204546575.0,19.45
2018-01-30,佳力图,603912,9.71,10.04,9.5,10.01,66890,190975531.0,18.08
2018-01-31,佳力图,603912,9.9,10.35,9.76,10.1,117626,347235376.0,31.79
2018-02-01,佳力图,603912,9.75,10.0,9.02,9.02,80597,227590078.0,21.78
2018-02-02,佳力图,603912,8.34,8.95,8.25,8.5,73234,185076962.0,19.79
2018-02-05,佳力图,603912,8.23,8.73,7.71,7.92,57347,141041569.0,15.5
2018-02-06,佳力图,603912,7.53,7.73,7.06,7.06,57978,127675691.0,15.67
2018-02-07,佳力图,603912,7.26,7.33,6.43,7.06,83784,175039435.0,22.64
2018-02-08,佳力图,603912,6.93,7.4,6.87,7.16,54076,116945929.0,14.62
2018-02-09,佳力图,603912,6.76,6.94,6.47,6.52,46066,93410406.0,12.45
2018-02-12,佳力图,603912,6.72,6.86,6.59,6.74,35105,71323975.0,9.49
2018-02-13,佳力图,603912,6.82,6.89,6.66,6.67,38647,79009517.0,10.45
2018-02-14,佳力图,603912,6.69,6.82,6.55,6.58,23125,46481223.0,6.25
2018-02-22,佳力图,603912,6.71,6.89,6.62,6.83,29954,61228586.0,8.1
2018-02-23,佳力图,603912,6.83,7.43,6.78,7.26,52985,112421260.0,14.32
2018-02-26,佳力图,603912,7.35,7.69,7.24,7.57,59818,134323024.0,16.17
2018-02-27,佳力图,603912,7.49,7.78,7.42,7.57,56808,129141988.0,15.35
2018-02-28,佳力图,603912,7.42,7.51,7.25,7.36,39788,87815472.0,10.75
2018-03-01,佳力图,603912,7.31,7.55,7.19,7.51,35619,79693644.0,9.63
2018-03-02,佳力图,603912,7.42,7.71,7.35,7.36,39783,89175085.0,10.75
2018-03-05,佳力图,603912,7.32,7.67,7.32,7.65,37312,83787306.0,10.08
2018-03-06,佳力图,603912,7.65,8.1,7.58,7.82,76151,178659165.0,20.58
2018-03-07,佳力图,603912,7.72,7.85,7.64,7.8,46078,106507564.0,12.45
2018-03-08,佳力图,603912,7.8,8.07,7.74,8.07,62518,147892734.0,16.9
2018-03-09,佳力图,603912,8.05,8.53,7.98,8.48,83257,204485412.0,22.5
2018-03-12,佳力图,603912,8.61,8.69,8.31,8.44,76003,190644532.0,20.54
2018-03-13,佳力图,603912,8.35,8.39,8.01,8.07,56367,137151103.0,15.23
2018-03-14,佳力图,603912,8.0,8.17,7.93,7.95,38875,93018536.0,10.51
2018-03-15,佳力图,603912,7.72,7.77,7.16,7.43,60746,135895350.0,16.42
2018-03-16,佳力图,603912,7.37,7.54,7.31,7.34,27589,61434233.0,7.46
2018-03-19,佳力图,603912,7.47,8.14,7.39,8.14,87590,209067911.0,23.67
2018-03-20,佳力图,603912,8.1,8.58,8.03,8.42,128897,315543408.0,34.84
2018-03-21,佳力图,603912,8.27,8.8,8.17,8.39,123688,310541360.0,33.43
2018-03-22,佳力图,603912,8.33,8.58,8.25,8.34,68860,171535354.0,18.61
2018-03-23,佳力图,603912,7.8,8.02,7.44,7.44,62593,143049590.0,16.92
2018-03-26,佳力图,603912,7.09,7.7,6.74,7.69,54712,120183470.0,14.79
2018-03-27,佳力图,603912,7.82,8.25,7.72,8.23,74990,179721559.0,20.27
2018-03-28,佳力图,603912,8.08,8.53,7.96,8.03,74691,182514791.0,20.19
2018-03-29,佳力图,603912,8.1,8.33,8.01,8.3,61651,150135046.0,16.66
2018-03-30,佳力图,603912,8.43,8.58,8.31,8.46,79461,198837573.0,21.48
2018-04-02,佳力图,603912,8.62,8.69,8.32,8.47,74754,188180095.0,20.2
2018-04-03,佳力图,603912,8.78,9.39,8.62,9.39,68694,183872941.0,18.57
2018-04-04,佳力图,603912,10.08,10.4,9.64,9.69,213425,630747456.0,57.68
2018-04-09,佳力图,603912,9.26,10.13,9.15,9.71,141935,397884288.0,38.36
2018-04-10,佳力图,603912,9.51,9.61,8.81,9.09,105524,285822736.0,28.52
2018-04-11,佳力图,603912,9.1,9.42,9.1,9.17,80855,220066961.0,21.85
2018-04-12,佳力图,603912,9.13,9.47,9.06,9.21,69443,189784774.0,18.77
2018-04-13,佳力图,603912,9.47,9.59,9.02,9.1,52958,144402444.0,14.31
2018-04-16,佳力图,603912,8.93,9.05,8.67,8.84,49830,130153684.0,13.47
2018-04-17,佳力图,603912,9.05,9.51,8.81,8.85,70648,191116451.0,19.09
2018-04-18,佳力图,603912,8.73,9.09,8.07,9.07,74021,189773966.0,20.01
2018-04-19,佳力图,603912,8.82,9.07,8.82,8.85,51153,135090065.0,13.83
2018-04-20,佳力图,603912,8.78,8.78,8.03,8.12,48764,121426181.0,13.18
2018-04-23,佳力图,603912,8.15,8.4,8.06,8.29,30108,73527595.0,8.14
2018-04-24,佳力图,603912,8.29,8.73,8.22,8.6,39702,100261401.0,10.73
2018-04-25,佳力图,603912,8.56,9.53,8.49,9.08,99404,267961997.0,26.87
2018-04-26,佳力图,603912,9.03,9.05,8.58,8.63,60799,158244663.0,16.43
2018-04-27,佳力图,603912,8.74,8.95,8.64,8.82,45151,117549223.0,12.2
2018-05-02,佳力图,603912,8.82,8.89,8.44,8.54,33214,84625066.0,8.98
2018-05-03,佳力图,603912,8.51,8.84,8.26,8.84,44206,112258216.0,11.95
2018-05-04,佳力图,603912,8.81,8.93,8.66,8.69,34935,90594949.0,9.44
2018-05-07,佳力图,603912,8.75,9.12,8.75,9.06,54962,145529383.0,14.85
2018-05-08,佳力图,603912,9.07,9.16,8.94,9.15,48090,128197160.0,13.0
2018-05-09,佳力图,603912,9.13,9.19,8.99,9.14,38796,103948919.0,10.49
2018-05-10,佳力图,603912,9.14,9.35,9.09,9.34,67186,182817464.0,18.16
2018-05-11,佳力图,603912,9.31,9.31,8.9,8.93,48329,129212440.0,13.06
2018-05-14,佳力图,603912,8.85,9.2,8.77,8.8,39530,104913671.0,10.68
2018-05-15,佳力图,603912,8.84,8.98,8.62,8.95,38943,100797702.0,10.53
2018-05-16,佳力图,603912,8.87,8.94,8.7,8.77,27711,72153950.0,7.49
2018-05-17,佳力图,603912,8.82,9.12,8.72,9.04,48857,129402855.0,13.2
2018-05-18,佳力图,603912,8.98,9.35,8.93,9.32,75900,205365359.0,20.51
2018-05-21,佳力图,603912,9.23,9.59,9.19,9.5,80815,224247584.0,21.84
2018-05-22,佳力图,603912,9.53,9.89,9.32,9.66,93444,262811709.0,25.26
2018-05-23,佳力图,603912,9.52,9.6,9.26,9.31,58979,163679643.0,15.94
2018-05-24,佳力图,603912,9.35,9.79,9.32,9.63,76690,216715357.0,20.73
2018-05-25,佳力图,603912,9.46,10.15,9.42,9.99,112606,325387856.0,30.43
2018-05-28,佳力图,603912,10.01,10.58,9.63,9.74,110398,322756144.0,29.84
2018-05-29,佳力图,603912,9.78,10.29,9.62,9.8,72338,149305816.0,13.96
2018-05-30,佳力图,603912,9.06,9.06,8.76,8.76,85370,157970905.0,16.48
2018-05-31,佳力图,603912,8.68,8.96,8.31,8.94,97966,177356365.0,18.91
2018-06-01,佳力图,603912,8.84,9.41,8.72,8.94,82959,156634465.0,16.02
2018-06-04,佳力图,603912,8.91,9.25,8.87,9.01,60396,113980805.0,11.66
2018-06-05,佳力图,603912,8.93,9.33,8.93,9.29,79652,152437947.0,15.38
2018-06-06,佳力图,603912,9.26,9.6,9.16,9.57,96449,187589866.0,18.62
2018-06-07,佳力图,603912,9.62,9.71,9.03,9.05,78432,151690200.0,15.14
2018-06-08,佳力图,603912,9.09,9.72,9.06,9.38,103531,202760042.0,19.99
2018-06-11,佳力图,603912,9.2,9.22,8.39,8.96,74269,137219200.0,14.34
2018-06-12,佳力图,603912,8.85,9.06,8.43,8.81,59659,109190779.0,11.52
2018-06-13,佳力图,603912,8.66,9.06,8.51,8.68,58777,108085410.0,11.35
2018-06-14,佳力图,603912,8.46,8.79,8.42,8.58,41216,74271913.0,7.96
2018-06-15,佳力图,603912,8.65,8.7,7.73,7.89,60123,102705761.0,11.61
2018-06-19,佳力图,603912,7.58,7.68,7.05,7.05,42245,65392014.0,8.16
2018-06-20,佳力图,603912,6.89,7.42,6.89,7.2,43496,66010567.0,8.4
2018-06-21,佳力图,603912,7.17,7.46,6.87,6.91,43546,66059729.0,8.41
2018-06-22,佳力图,603912,6.71,7.17,6.57,7.08,35903,53473160.0,6.93
2018-06-25,佳力图,603912,7.21,7.35,7.13,7.16,35596,54333516.0,6.87
2018-06-26,佳力图,603912,6.99,7.41,6.87,7.4,49121,75663758.0,9.48
2018-06-27,佳力图,603912,7.57,7.68,7.37,7.4,48426,76604202.0,9.35
2018-06-28,佳力图,603912,7.31,7.54,7.17,7.18,36928,57587181.0,7.13
2018-06-29,佳力图,603912,7.25,7.63,7.16,7.52,48968,77136847.0,9.45
2018-07-02,佳力图,603912,7.51,7.63,7.07,7.3,41894,65439998.0,8.09
2018-07-03,佳力图,603912,7.34,7.63,7.21,7.6,53317,84118549.0,10.29
2018-07-04,佳力图,603912,7.55,7.62,7.11,7.19,49430,77071415.0,9.54
2018-07-05,佳力图,603912,7.12,7.3,6.84,6.88,36735,55252782.0,7.09
2018-07-06,佳力图,603912,6.88,7.39,6.77,7.14,50263,75630118.0,9.7
2018-07-09,佳力图,603912,7.19,7.43,7.19,7.37,40320,62402720.0,7.78
2018-07-10,佳力图,603912,7.41,7.57,7.28,7.55,48392,75913041.0,9.34
2018-07-11,佳力图,603912,7.39,7.39,6.97,7.23,52495,80107559.0,10.13
2018-07-12,佳力图,603912,7.51,7.84,7.44,7.53,62153,99096225.0,12.0
2018-07-13,佳力图,603912,7.44,8.24,7.44,7.73,90597,148901501.0,17.49
2018-07-16,佳力图,603912,7.73,8.31,7.66,8.11,93515,158220399.0,18.05
2018-07-17,佳力图,603912,7.94,8.04,7.79,8.0,63074,105099054.0,12.18
2018-07-18,佳力图,603912,8.02,8.06,7.7,7.73,45771,75741267.0,8.84
2018-07-19,佳力图,603912,7.7,7.81,7.44,7.56,36416,58223492.0,7.03
2018-07-20,佳力图,603912,7.53,7.73,7.47,7.7,35616,57309955.0,6.88
2018-07-23,佳力图,603912,7.7,7.8,7.58,7.78,30211,49042434.0,5.83
2018-07-24,佳力图,603912,7.78,7.89,7.62,7.84,45383,74357273.0,8.76
2018-07-25,佳力图,603912,7.89,7.9,7.61,7.66,39483,64278056.0,7.62
2018-07-26,佳力图,603912,7.66,7.71,7.3,7.35,41075,64670251.0,7.93
2018-07-27,佳力图,603912,7.42,7.56,7.34,7.39,23354,36712336.0,4.51
2018-07-30,佳力图,603912,7.36,7.42,7.09,7.16,25846,39378175.0,4.99
2018-07-31,佳力图,603912,7.16,7.23,7.11,7.17,13413,20388882.0,2.59
2018-08-01,佳力图,603912,7.19,7.28,6.95,6.97,19641,29745762.0,3.79
2018-08-02,佳力图,603912,6.94,6.94,6.36,6.57,32597,45891032.0,6.29
2018-08-03,佳力图,603912,6.58,6.63,6.26,6.35,18877,26072430.0,3.64
2018-08-06,佳力图,603912,6.42,6.51,6.27,6.32,20163,27564588.0,3.89
2018-08-07,佳力图,603912,6.26,6.55,6.23,6.52,24160,33205795.0,4.66
2018-08-08,佳力图,603912,6.54,6.54,6.23,6.28,19127,26066487.0,3.69
2018-08-09,佳力图,603912,6.16,6.6,6.16,6.57,34158,47537453.0,6.59
2018-08-10,佳力图,603912,6.56,6.66,6.46,6.65,30045,42095509.0,5.8
2018-08-13,佳力图,603912,6.51,7.0,6.46,6.82,48676,70104042.0,9.4
2018-08-14,佳力图,603912,6.69,6.84,6.64,6.69,26200,37421897.0,5.06
2018-08-15,佳力图,603912,6.68,6.74,6.38,6.44,23490,33024021.0,4.53
2018-08-16,佳力图,603912,6.36,6.69,6.25,6.51,29090,40571472.0,5.62
2018-08-17,佳力图,603912,6.56,6.71,6.43,6.46,28353,39725968.0,5.47
2018-08-20,佳力图,603912,6.36,6.81,6.36,6.75,36020,50961414.0,6.95
2018-08-21,佳力图,603912,6.74,7.03,6.53,7.03,66766,96888814.0,12.89
2018-08-22,佳力图,603912,6.86,6.96,6.77,6.78,29316,42682278.0,5.66
2018-08-23,佳力图,603912,6.78,6.97,6.77,6.89,33516,49016887.0,6.47
2018-08-24,佳力图,603912,6.88,6.89,6.64,6.68,25230,36390330.0,4.87
2018-08-27,佳力图,603912,6.74,6.96,6.69,6.94,35310,51609814.0,6.82
2018-08-28,佳力图,603912,7.02,7.06,6.83,6.89,33141,48885863.0,6.4
2018-08-29,佳力图,603912,6.88,6.93,6.77,6.85,19756,28701751.0,3.81
2018-08-30,佳力图,603912,6.8,6.9,6.56,6.56,22509,32166553.0,4.35
2018-08-31,佳力图,603912,6.53,6.88,6.53,6.71,40918,58878400.0,7.9
2018-09-03,佳力图,603912,6.72,6.73,6.31,6.51,33637,46486274.0,6.49
2018-09-04,佳力图,603912,6.47,6.63,6.44,6.54,22472,31397403.0,4.34
2018-09-05,佳力图,603912,6.56,7.03,6.42,6.94,73314,105465580.0,14.15
2018-09-06,佳力图,603912,6.87,7.03,6.77,6.98,65375,95853166.0,12.62
2018-09-07,佳力图,603912,6.91,7.03,6.72,6.77,44145,64583924.0,8.52
2018-09-10,佳力图,603912,6.66,6.77,6.42,6.44,33744,47086029.0,6.51
2018-09-11,佳力图,603912,6.47,6.69,6.42,6.56,24271,34041361.0,4.69
2018-09-12,佳力图,603912,6.56,6.65,6.46,6.55,16776,23504864.0,3.24
2018-09-13,佳力图,603912,6.69,6.76,6.55,6.68,25123,35700868.0,4.85
2018-09-14,佳力图,603912,6.66,6.7,6.42,6.44,26821,37388735.0,5.18
2018-09-17,佳力图,603912,6.41,6.41,6.24,6.31,18016,24388954.0,3.48
2018-09-18,佳力图,603912,6.24,6.43,6.21,6.43,15962,21675167.0,3.08
2018-09-19,佳力图,603912,6.4,6.6,6.36,6.46,21711,30043546.0,4.19
2018-09-20,佳力图,603912,6.41,6.55,6.31,6.34,18200,24964290.0,3.51
2018-09-21,佳力图,603912,6.32,6.44,6.3,6.41,15245,20828728.0,2.94
2018-09-25,佳力图,603912,6.41,6.51,6.36,6.46,12983,17903795.0,2.51
2018-09-26,佳力图,603912,6.44,6.52,6.39,6.46,14937,20600314.0,2.88
2018-09-27,佳力图,603912,6.45,6.5,6.23,6.23,20722,28129144.0,4.0
2018-09-28,佳力图,603912,6.24,6.35,6.24,6.28,10022,13486925.0,1.93
2018-10-08,佳力图,603912,6.09,6.14,5.66,5.66,24239,30812241.0,4.68
2018-10-09,佳力图,603912,5.69,5.88,5.67,5.77,18289,22766457.0,3.53
2018-10-10,佳力图,603912,5.74,5.98,5.74,5.88,22184,28042059.0,4.28
2018-10-11,佳力图,603912,5.38,5.66,5.23,5.23,30260,35696904.0,5.84
2018-10-12,佳力图,603912,5.22,5.38,4.84,5.28,23854,26989852.0,4.6
2018-10-15,佳力图,603912,5.3,5.48,5.23,5.3,17237,20109578.0,3.33
2018-10-16,佳力图,603912,5.3,5.41,5.12,5.21,15502,17741599.0,2.99
2018-10-17,佳力图,603912,5.31,5.44,5.09,5.39,28383,32812578.0,5.48
2018-10-18,佳力图,603912,5.28,5.31,5.06,5.11,21139,23988683.0,4.08
2018-10-19,佳力图,603912,5.03,5.3,4.91,5.3,24822,28017617.0,4.79
2018-10-22,佳力图,603912,5.28,5.62,5.28,5.49,43872,51870833.0,8.47
2018-10-23,佳力图,603912,5.49,5.51,5.21,5.27,30641,35595856.0,5.92
2018-10-24,佳力图,603912,5.18,5.34,5.18,5.27,16944,19414995.0,3.27
2018-10-25,佳力图,603912,5.06,5.09,4.85,4.97,26167,28477607.0,5.05
2018-10-26,佳力图,603912,5.04,5.34,4.98,5.12,26991,30210685.0,5.21
2018-10-29,佳力图,603912,5.12,5.48,4.96,5.28,38300,43709692.0,7.39
2018-10-30,佳力图,603912,5.19,5.21,4.98,5.15,31452,35052342.0,6.07
2018-10-31,佳力图,603912,5.18,5.29,4.98,5.18,38298,43035196.0,7.39
2018-11-01,佳力图,603912,5.19,5.36,5.19,5.27,45814,52681773.0,4.25
2018-11-02,佳力图,603912,5.31,5.45,5.31,5.41,41847,48903319.0,3.88
2018-11-05,佳力图,603912,5.4,5.51,5.26,5.39,35234,41175414.0,3.27
2018-11-06,佳力图,603912,5.42,5.42,5.24,5.37,21086,24360381.0,1.96
2018-11-07,佳力图,603912,5.34,5.54,5.29,5.46,41562,49045331.0,3.86
2018-11-08,佳力图,603912,5.49,5.49,5.35,5.37,23476,27551001.0,2.18
2018-11-09,佳力图,603912,5.3,5.48,5.28,5.41,26736,31423397.0,2.48
2018-11-12,佳力图,603912,5.4,5.54,5.34,5.53,29913,35537456.0,2.77
2018-11-13,佳力图,603912,5.43,5.59,5.41,5.58,38969,46526945.0,3.61
2018-11-14,佳力图,603912,5.54,5.6,5.48,5.52,30364,36439675.0,2.82
2018-11-15,佳力图,603912,5.48,5.69,5.47,5.69,40091,48565134.0,3.72
2018-11-16,佳力图,603912,5.72,5.85,5.59,5.77,61392,75975513.0,5.7
2018-11-19,佳力图,603912,5.78,5.78,5.62,5.73,27457,33778511.0,2.55
2018-11-20,佳力图,603912,5.65,5.71,5.57,5.62,22952,27975594.0,2.13
2018-11-21,佳力图,603912,5.54,5.65,5.46,5.63,21360,25691073.0,1.98
2018-11-22,佳力图,603912,5.64,5.67,5.57,5.61,12510,15181672.0,1.16
2018-11-23,佳力图,603912,5.62,5.62,5.14,5.16,22279,25895449.0,2.07
2018-11-26,佳力图,603912,5.2,5.25,5.12,5.22,12110,13727764.0,1.12
2018-11-27,佳力图,603912,5.22,5.54,5.22,5.4,25338,29677911.0,2.35
2018-11-28,佳力图,603912,5.38,5.72,5.32,5.66,45589,55214112.0,4.23
2018-11-29,佳力图,603912,5.66,5.73,5.44,5.45,38096,46272012.0,3.53
2018-11-30,佳力图,603912,5.49,6.05,5.45,5.92,86042,108711191.0,7.98
2018-12-03,佳力图,603912,6.05,6.24,5.9,6.14,94413,123402929.0,8.76
2018-12-04,佳力图,603912,6.03,6.08,5.93,5.98,48836,62898338.0,4.53
2018-12-05,佳力图,603912,5.85,5.92,5.77,5.87,26610,33519744.0,2.47
2018-12-06,佳力图,603912,5.81,5.85,5.57,5.61,33430,41145790.0,3.1
2018-12-07,佳力图,603912,5.69,5.81,5.65,5.72,30934,38318656.0,2.87
2018-12-10,佳力图,603912,5.72,5.99,5.64,5.84,35440,44559281.0,3.29
2018-12-11,佳力图,603912,5.81,6.11,5.77,6.06,61064,78652325.0,5.66
2018-12-12,佳力图,603912,6.09,6.09,5.88,6.04,39774,51097138.0,3.69
2018-12-13,佳力图,603912,5.97,6.19,5.97,6.12,46887,61396485.0,4.35
2018-12-14,佳力图,603912,6.09,6.09,5.8,5.8,30664,39211977.0,2.84
2018-12-17,佳力图,603912,5.74,5.95,5.74,5.92,21436,27154320.0,1.99
2018-12-18,佳力图,603912,5.92,6.08,5.9,6.02,35854,46245361.0,3.33
2018-12-19,佳力图,603912,6.01,6.3,5.91,6.16,60310,79830370.0,5.59
2018-12-20,佳力图,603912,6.05,6.44,5.96,6.44,65460,87007759.0,6.07
2018-12-21,佳力图,603912,6.38,6.56,6.21,6.44,63174,86356987.0,5.86
2018-12-24,佳力图,603912,6.38,6.74,6.34,6.71,74498,105019188.0,6.91
2018-12-25,佳力图,603912,6.6,6.9,6.37,6.89,76565,108960871.0,7.1
2018-12-26,佳力图,603912,6.85,6.85,6.46,6.47,63914,90465923.0,5.93
2018-12-27,佳力图,603912,6.54,6.64,6.37,6.4,49123,68266540.0,4.56
2018-12-28,佳力图,603912,6.29,6.49,6.16,6.23,42530,57181888.0,3.95
2019-01-02,佳力图,603912,6.21,6.54,6.21,6.41,40979,55958183.0,3.8
2019-01-03,佳力图,603912,6.4,6.41,5.94,5.95,44723,59100064.0,4.15
2019-01-04,佳力图,603912,5.85,6.4,5.64,6.39,49374,65347032.0,4.58
2019-01-07,佳力图,603912,6.42,6.64,6.39,6.46,43422,60325072.0,4.03
2019-01-08,佳力图,603912,6.47,6.62,6.31,6.32,37446,51529754.0,3.47
2019-01-09,佳力图,603912,6.37,6.57,6.27,6.4,38929,53766019.0,3.61
2019-01-10,佳力图,603912,6.36,6.61,6.33,6.54,43211,60107024.0,4.01
2019-01-11,佳力图,603912,6.51,6.67,6.44,6.52,36459,50845914.0,3.38
2019-01-14,佳力图,603912,6.48,6.51,6.2,6.35,29910,40362578.0,2.77
2019-01-15,佳力图,603912,6.24,6.61,6.11,6.61,47355,65795990.0,4.39
2019-01-16,佳力图,603912,6.56,6.63,6.44,6.48,27251,37939940.0,2.53
2019-01-17,佳力图,603912,6.45,6.84,6.44,6.66,62969,89587654.0,5.84
2019-01-18,佳力图,603912,6.64,6.69,6.35,6.52,35703,49612452.0,3.31
2019-01-21,佳力图,603912,6.49,6.64,6.43,6.51,24169,33658038.0,2.24
2019-01-22,佳力图,603912,6.5,6.5,6.34,6.4,20463,27973439.0,1.9
2019-01-23,佳力图,603912,6.37,6.37,6.06,6.15,34470,45692724.0,3.2
2019-01-24,佳力图,603912,6.16,6.28,6.13,6.22,17464,23276540.0,1.62
2019-01-25,佳力图,603912,6.22,6.26,6.04,6.04,22293,29318960.0,2.07
2019-01-28,佳力图,603912,6.04,6.21,6.04,6.09,14137,18616156.0,1.31
2019-01-29,佳力图,603912,6.04,6.09,5.44,5.7,29664,36685492.0,2.75
2019-01-30,佳力图,603912,5.68,5.79,5.55,5.6,9929,12214386.0,0.92
2019-01-31,佳力图,603912,5.54,5.72,5.47,5.47,19229,23184712.0,1.78
2019-02-01,佳力图,603912,5.52,5.68,5.52,5.64,10348,12576599.0,0.96
2019-02-11,佳力图,603912,6.05,6.27,6.05,6.27,11219,14993833.0,1.04
2019-02-12,佳力图,603912,6.95,6.95,6.95,6.95,24046,35491276.0,2.23
2019-02-13,佳力图,603912,7.32,7.7,7.03,7.7,221665,347799568.0,20.56
2019-02-14,佳力图,603912,7.29,7.72,7.21,7.52,189193,296084176.0,17.55
2019-02-15,佳力图,603912,7.33,8.09,7.22,7.46,190554,304078624.0,17.68
2019-02-18,佳力图,603912,7.4,8.16,7.39,7.87,173016,280576016.0,16.05
2019-02-19,佳力图,603912,7.72,7.83,7.49,7.62,128528,207668674.0,11.92
2019-02-20,佳力图,603912,7.63,7.63,7.36,7.51,83210,131133772.0,7.72
2019-02-21,佳力图,603912,7.38,7.99,7.38,7.58,145248,236960695.0,13.47
2019-02-22,佳力图,603912,7.42,7.74,7.36,7.69,119740,190762569.0,11.11
2019-02-25,佳力图,603912,7.8,8.31,7.63,8.18,170540,286385552.0,15.82
2019-02-26,佳力图,603912,8.14,8.14,7.67,7.8,134107,223240504.0,12.44
2019-02-27,佳力图,603912,7.69,7.81,7.38,7.64,67004,108091316.0,6.22
2019-02-28,佳力图,603912,7.57,7.76,7.53,7.71,37763,61015318.0,3.5
2019-03-01,佳力图,603912,7.73,7.78,7.48,7.65,34824,56127335.0,3.23
2019-03-04,佳力图,603912,7.73,8.01,7.66,7.74,83323,138027659.0,7.73
2019-03-05,佳力图,603912,7.64,8.14,7.61,8.07,101573,169751396.0,9.42
2019-03-06,佳力图,603912,8.2,8.49,7.94,8.17,107311,184118344.0,9.95
2019-03-07,佳力图,603912,8.42,8.42,7.89,8.05,85302,145448143.0,7.91
2019-03-08,佳力图,603912,7.73,8.05,7.61,7.63,63191,103776920.0,5.86
2019-03-11,佳力图,603912,7.72,8.09,7.72,8.09,55915,93124866.0,5.19
2019-03-12,佳力图,603912,8.1,8.29,7.98,8.17,79011,134573723.0,7.33
2019-03-13,佳力图,603912,8.17,8.19,7.7,7.78,58120,96826836.0,5.39
2019-03-14,佳力图,603912,7.77,7.84,7.19,7.4,48130,75780330.0,4.46
2019-03-15,佳力图,603912,7.41,7.52,7.26,7.41,33970,53238738.0,3.15
2019-03-18,佳力图,603912,7.43,7.58,7.36,7.58,30443,48163371.0,2.82
2019-03-19,佳力图,603912,7.66,8.37,7.63,8.08,87279,147480002.0,8.1
2019-03-20,佳力图,603912,7.95,8.34,7.92,8.21,87040,149364232.0,8.07
2019-03-21,佳力图,603912,8.09,8.18,7.93,8.11,63114,106931204.0,5.85
2019-03-22,佳力图,603912,8.12,8.16,7.76,8.12,48927,81959441.0,4.54
2019-03-25,佳力图,603912,7.83,8.44,7.81,8.31,80995,138709927.0,7.51
2019-03-26,佳力图,603912,8.41,8.49,7.57,7.68,79396,133234359.0,7.37
2019-03-27,佳力图,603912,7.68,7.78,7.44,7.71,37657,60260152.0,3.49
2019-03-28,佳力图,603912,7.68,8.09,7.58,7.73,53654,89155070.0,4.98
2019-03-29,佳力图,603912,7.73,8.01,7.41,7.98,58223,95488653.0,5.4
2019-04-01,佳力图,603912,8.14,8.29,7.98,8.23,78296,134206984.0,7.26
2019-04-02,佳力图,603912,8.43,8.46,8.1,8.19,81857,142544044.0,7.59
2019-04-03,佳力图,603912,8.13,8.9,8.04,8.8,117839,211584184.0,10.93
2019-04-04,佳力图,603912,8.66,9.21,8.54,9.04,107074,196743729.0,9.93
2019-04-08,佳力图,603912,8.95,9.42,8.61,8.76,90734,170018474.0,8.42
2019-04-09,佳力图,603912,8.66,9.01,8.35,8.71,60425,110007355.0,5.61
2019-04-10,佳力图,603912,8.55,8.68,8.43,8.53,50503,90049812.0,4.68
2019-04-11,佳力图,603912,8.52,8.57,8.12,8.14,43565,75892153.0,4.04
2019-04-12,佳力图,603912,8.15,8.27,8.07,8.19,32384,55419749.0,3.0
2019-04-15,佳力图,603912,8.29,8.49,8.1,8.13,43005,75237841.0,3.99
2019-04-16,佳力图,603912,8.01,8.53,7.79,8.49,66828,115383136.0,6.2
2019-04-17,佳力图,603912,8.47,8.72,8.35,8.42,62679,112102378.0,5.75
2019-04-18,佳力图,603912,8.36,8.4,8.17,8.18,47342,82079203.0,4.34
2019-04-19,佳力图,603912,8.09,8.31,8.05,8.3,34471,59551025.0,3.16
2019-04-22,佳力图,603912,8.31,8.54,8.2,8.42,51861,91436181.0,4.75
2019-04-23,佳力图,603912,8.37,8.37,8.12,8.12,32159,55490702.0,2.95
2019-04-24,佳力图,603912,8.12,8.28,7.95,8.22,26358,44962932.0,2.42
2019-04-25,佳力图,603912,8.15,8.18,7.68,7.69,42258,70462532.0,3.87
2019-04-26,佳力图,603912,7.6,7.77,7.5,7.58,26258,42272457.0,2.41
2019-04-29,佳力图,603912,7.55,7.65,7.08,7.12,32903,50972000.0,3.02
2019-04-30,佳力图,603912,7.12,7.32,7.12,7.2,16239,24839454.0,1.49
2019-05-06,佳力图,603912,6.8,6.98,6.42,6.42,29637,42038026.0,2.72
2019-05-07,佳力图,603912,6.46,6.75,6.46,6.65,24297,34262820.0,2.23
2019-05-08,佳力图,603912,6.56,6.87,6.42,6.72,21362,30446912.0,1.96
2019-05-09,佳力图,603912,6.64,6.89,6.64,6.74,18121,26276028.0,1.66
2019-05-10,佳力图,603912,6.8,7.05,6.59,7.02,33256,48712222.0,3.05
2019-05-13,佳力图,603912,6.96,7.06,6.87,6.96,18516,27378669.0,1.7
2019-05-14,佳力图,603912,6.87,7.07,6.82,6.96,17854,25984526.0,1.64
2019-05-15,佳力图,603912,7.06,7.1,6.94,7.03,24679,36061207.0,2.26
2019-05-16,佳力图,603912,7.14,7.14,6.94,6.97,18260,26754912.0,1.67
2019-05-17,佳力图,603912,6.99,7.1,6.54,6.64,23352,33293671.0,2.14
2019-05-20,佳力图,603912,6.59,6.8,6.41,6.79,19238,26786048.0,1.76
2019-05-21,佳力图,603912,6.79,6.93,6.72,6.89,16396,23518152.0,1.5
2019-05-22,佳力图,603912,6.93,7.14,6.85,6.93,23557,34381254.0,2.16
2019-05-23,佳力图,603912,6.93,6.94,6.56,6.59,21303,29764550.0,1.95
2019-05-24,佳力图,603912,6.54,6.68,6.49,6.6,12157,16855170.0,1.11
2019-05-27,佳力图,603912,6.64,6.93,6.55,6.88,16149,22930366.0,1.48
2019-05-28,佳力图,603912,6.96,7.02,6.85,6.88,17509,25345274.0,1.61
2019-05-29,佳力图,603912,6.94,7.1,6.86,6.91,18390,26763176.0,1.69
2019-05-30,佳力图,603912,6.87,6.94,6.73,6.87,19224,27347235.0,1.76
2019-05-31,佳力图,603912,6.92,6.97,6.71,6.93,20527,29559142.0,1.88
2019-06-03,佳力图,603912,6.92,7.33,6.72,7.24,47880,70102874.0,4.39
2019-06-04,佳力图,603912,7.21,7.57,7.14,7.45,73939,113549996.0,6.78
2019-06-05,佳力图,603912,7.46,7.61,7.22,7.37,50401,77506450.0,4.62
2019-06-06,佳力图,603912,7.35,7.35,6.76,6.78,40978,59495163.0,3.76
2019-06-10,佳力图,603912,6.79,7.14,6.68,7.02,30692,44790976.0,2.81
2019-06-11,佳力图,603912,6.99,7.26,6.84,7.21,38820,57353548.0,3.56
2019-06-12,佳力图,603912,7.22,7.47,7.13,7.23,44548,67797199.0,4.08
2019-06-13,佳力图,603912,7.32,7.43,7.2,7.33,32039,48949143.0,2.94
2019-06-14,佳力图,603912,7.34,7.55,7.12,7.12,33713,51453717.0,3.09
2019-06-17,佳力图,603912,7.19,7.43,7.12,7.4,29461,44938089.0,2.7
2019-06-18,佳力图,603912,7.5,7.5,7.24,7.36,28179,42957030.0,2.58
2019-06-19,佳力图,603912,7.54,7.6,7.37,7.38,38909,60229998.0,3.57
2019-06-20,佳力图,603912,7.29,7.4,7.16,7.33,34599,52459187.0,3.17
2019-06-21,佳力图,603912,7.34,7.48,7.34,7.39,33179,51101281.0,3.04
2019-06-24,佳力图,603912,7.39,7.42,7.23,7.29,21092,32023075.0,1.93
2019-06-25,佳力图,603912,7.29,7.29,7.09,7.22,20586,30834366.0,1.89
2019-06-26,佳力图,603912,7.22,7.45,7.16,7.3,21971,33500414.0,2.01
2019-06-27,佳力图,603912,7.3,7.41,7.27,7.39,25033,38318193.0,2.29
2019-06-28,佳力图,603912,7.32,7.33,7.05,7.11,29605,44098047.0,2.71
2019-07-01,佳力图,603912,7.24,7.43,7.24,7.42,37880,58080435.0,3.47
2019-07-02,佳力图,603912,7.37,7.66,7.36,7.65,48714,76215243.0,4.47
2019-07-03,佳力图,603912,7.53,7.68,7.46,7.52,31596,49507492.0,2.9
2019-07-04,佳力图,603912,7.52,7.55,7.36,7.43,19830,30641549.0,1.82
2019-07-05,佳力图,603912,7.43,7.48,7.33,7.39,14838,22833938.0,1.36
2019-07-08,佳力图,603912,7.39,7.39,6.96,6.97,23018,34241080.0,2.11
2019-07-09,佳力图,603912,7.05,7.08,6.89,7.04,13298,19427592.0,1.22
2019-07-10,佳力图,603912,7.01,7.06,6.84,6.94,12314,17893700.0,1.13
2019-07-11,佳力图,603912,6.96,7.04,6.82,6.91,12402,18003912.0,1.14
2019-07-12,佳力图,603912,6.89,7.02,6.87,6.96,10362,15051032.0,0.95
2019-07-15,佳力图,603912,6.91,7.06,6.8,7.03,12464,18089934.0,1.14
2019-07-16,佳力图,603912,6.97,7.08,6.95,7.02,12361,18095574.0,1.13
2019-07-17,佳力图,603912,7.04,7.05,6.95,6.97,8759,12797630.0,0.8
2019-07-18,佳力图,603912,6.91,6.92,6.62,6.66,19701,27732468.0,1.81
2019-07-19,佳力图,603912,6.7,6.82,6.67,6.76,11978,16961435.0,1.1
2019-07-22,佳力图,603912,6.8,6.82,6.48,6.53,12344,17043134.0,1.13
2019-07-23,佳力图,603912,6.53,6.65,6.53,6.61,8507,11760656.0,0.78
2019-07-24,佳力图,603912,6.59,6.82,6.59,6.72,15440,21815221.0,1.42
2019-07-25,佳力图,603912,6.72,6.87,6.7,6.81,15032,21343026.0,1.38
2019-07-26,佳力图,603912,6.74,6.81,6.74,6.78,7399,10483165.0,0.68
2019-07-29,佳力图,603912,6.78,6.85,6.76,6.84,8736,12436206.0,0.8
2019-07-30,佳力图,603912,6.84,6.93,6.8,6.84,12157,17468825.0,1.11
2019-07-31,佳力图,603912,6.81,6.94,6.81,6.9,12950,18688906.0,1.19
2019-08-01,佳力图,603912,6.87,6.88,6.77,6.83,9800,13974488.0,0.9
2019-08-02,佳力图,603912,6.67,6.67,6.52,6.59,17095,23635502.0,1.57
2019-08-05,佳力图,603912,6.61,6.8,6.58,6.62,15419,21566336.0,1.41
2019-08-06,佳力图,603912,6.48,6.53,6.23,6.4,19863,26602534.0,1.82
2019-08-07,佳力图,603912,6.42,6.6,6.42,6.45,12786,17465298.0,1.17
2019-08-08,佳力图,603912,6.46,6.53,6.41,6.51,11811,16059666.0,1.08
2019-08-09,佳力图,603912,6.55,6.57,6.24,6.3,15607,20889479.0,1.43
2019-08-12,佳力图,603912,6.37,6.41,6.26,6.41,9129,12179988.0,0.84
2019-08-13,佳力图,603912,6.33,6.51,6.3,6.46,12936,17486037.0,1.19
2019-08-14,佳力图,603912,6.53,6.61,6.45,6.47,11177,15333367.0,1.02
2019-08-15,佳力图,603912,6.31,6.57,6.26,6.54,13228,17797429.0,1.21
2019-08-16,佳力图,603912,6.51,6.58,6.46,6.54,13916,19076722.0,1.28
2019-08-19,佳力图,603912,6.61,6.89,6.54,6.81,25602,36138179.0,2.35
2019-08-20,佳力图,603912,6.8,6.81,6.65,6.74,24936,35150110.0,2.29
2019-08-21,佳力图,603912,6.73,6.78,6.62,6.76,19985,27992569.0,1.83
2019-08-22,佳力图,603912,6.78,6.78,6.68,6.73,13513,19015354.0,1.24
2019-08-23,佳力图,603912,6.74,6.78,6.63,6.67,16500,23149945.0,1.51
2019-08-26,佳力图,603912,6.5,6.56,6.43,6.44,17154,23335127.0,1.57
2019-08-27,佳力图,603912,6.51,6.68,6.48,6.6,19332,26644029.0,1.77
2019-08-28,佳力图,603912,6.56,6.59,6.48,6.54,11641,15968077.0,1.07
2019-08-29,佳力图,603912,6.62,6.62,6.47,6.47,10469,14316368.0,0.96
2019-08-30,佳力图,603912,6.51,6.55,6.27,6.32,18015,24138453.0,1.65
2019-09-02,佳力图,603912,6.32,6.46,6.32,6.45,12236,16459446.0,1.12
2019-09-03,佳力图,603912,6.45,6.57,6.42,6.56,15824,21582670.0,1.45
2019-09-04,佳力图,603912,6.55,6.57,6.48,6.55,14716,20137023.0,1.35
2019-09-05,佳力图,603912,6.58,6.73,6.56,6.63,25835,36062592.0,2.37
2019-09-06,佳力图,603912,6.71,6.88,6.64,6.77,32465,46017342.0,2.98
2019-09-09,佳力图,603912,6.89,7.09,6.82,7.07,44030,64099862.0,4.04
2019-09-10,佳力图,603912,7.04,7.17,6.94,7.11,39607,58392814.0,3.63
2019-09-11,佳力图,603912,7.12,7.17,7.02,7.04,29449,43567420.0,2.7
2019-09-12,佳力图,603912,7.05,7.15,7.02,7.09,23551,34789747.0,2.16
2019-09-16,佳力图,603912,7.2,7.23,7.04,7.1,23975,35631344.0,2.2
2019-09-17,佳力图,603912,7.11,7.11,6.8,6.89,22639,32707508.0,2.08
2019-09-18,佳力图,603912,6.94,7.03,6.89,6.92,13914,20152178.0,1.28
2019-09-19,佳力图,603912,6.98,7.15,6.93,7.12,25709,37784528.0,2.36
2019-09-20,佳力图,603912,7.1,7.23,7.05,7.07,22170,32967619.0,2.03
2019-09-23,佳力图,603912,7.05,7.11,6.86,6.99,20792,30055399.0,1.91
2019-09-24,佳力图,603912,6.92,7.74,6.92,7.74,36459,57864878.0,3.34
2019-09-25,佳力图,603912,8.21,8.53,7.47,7.61,179644,299055216.0,16.47
2019-09-26,佳力图,603912,7.1,7.35,6.94,7.18,104562,155885474.0,9.59
2019-09-27,佳力图,603912,7.06,7.17,6.72,6.97,61076,88498834.0,5.6
2019-09-30,佳力图,603912,6.99,7.05,6.68,6.68,45002,64333462.0,4.13
2019-10-08,佳力图,603912,6.59,6.71,6.58,6.61,25904,35993523.0,2.37
2019-10-09,佳力图,603912,6.57,6.63,6.49,6.63,23643,32561350.0,2.17
2019-10-10,佳力图,603912,6.66,6.69,6.59,6.67,22743,31659095.0,2.08
2019-10-11,佳力图,603912,6.76,6.76,6.55,6.61,26044,36222328.0,2.39
2019-10-14,佳力图,603912,6.67,6.87,6.65,6.78,31704,44839951.0,2.91
2019-10-15,佳力图,603912,6.77,6.79,6.6,6.67,19203,26811133.0,1.76
2019-10-16,佳力图,603912,7.14,7.39,7.14,7.39,26202,39884360.0,2.4
2019-10-17,佳力图,603912,7.54,8.17,7.46,7.7,203129,329455920.0,18.62
2019-10-18,佳力图,603912,7.21,7.58,7.1,7.51,133679,203984229.0,12.25
2019-10-21,佳力图,603912,7.48,7.48,6.99,7.22,83958,125634343.0,7.7
2019-10-22,佳力图,603912,7.15,7.86,7.11,7.64,122295,192109966.0,11.21
2019-10-23,佳力图,603912,7.51,7.84,7.37,7.61,95498,150776881.0,8.75
2019-10-24,佳力图,603912,7.49,7.57,7.29,7.43,69849,107776825.0,6.4
2019-10-25,佳力图,603912,7.43,7.43,7.17,7.35,54354,82457053.0,4.98
2019-10-28,佳力图,603912,7.32,7.84,7.32,7.71,103747,164316233.0,9.51
2019-10-29,佳力图,603912,7.66,7.66,7.21,7.28,76040,117782788.0,6.97
2019-10-30,佳力图,603912,7.2,7.39,7.13,7.21,46317,69998792.0,4.25
2019-10-31,佳力图,603912,7.05,7.14,6.74,6.75,66116,95561653.0,6.06
2019-11-01,佳力图,603912,6.67,6.87,6.67,6.76,35070,49794951.0,3.21
2019-11-04,佳力图,603912,6.76,6.9,6.74,6.79,26851,38271301.0,2.46
2019-11-05,佳力图,603912,6.78,6.85,6.74,6.81,24421,34689268.0,2.24
2019-11-06,佳力图,603912,6.79,6.81,6.72,6.78,19674,27772140.0,1.8
2019-11-07,佳力图,603912,6.78,6.82,6.72,6.8,18631,26423184.0,1.71
2019-11-08,佳力图,603912,6.82,7.04,6.82,6.91,37834,54711878.0,3.47
2019-11-11,佳力图,603912,6.79,6.85,6.59,6.64,23537,33139081.0,2.16
2019-11-12,佳力图,603912,6.59,6.69,6.32,6.52,26293,35736957.0,2.41
2019-11-13,佳力图,603912,6.47,6.55,6.36,6.41,14934,20141059.0,1.37
2019-11-14,佳力图,603912,6.44,6.56,6.41,6.53,17034,23198976.0,1.56
2019-11-15,佳力图,603912,6.53,6.56,6.39,6.4,14644,19918605.0,1.34
2019-11-18,佳力图,603912,6.48,6.56,6.4,6.53,14878,20318671.0,1.36
2019-11-19,佳力图,603912,6.48,6.66,6.44,6.65,19454,26976677.0,1.78
2019-11-20,佳力图,603912,6.65,6.69,6.53,6.54,15530,21456134.0,1.42
2019-11-21,佳力图,603912,6.53,6.58,6.44,6.55,11492,15719559.0,1.05
2019-11-22,佳力图,603912,6.55,6.62,6.37,6.43,15590,21222069.0,1.43
2019-11-25,佳力图,603912,6.43,6.43,6.27,6.31,14103,18737379.0,1.29
2019-11-26,佳力图,603912,6.34,6.39,6.28,6.28,9007,11940481.0,0.83
2019-11-27,佳力图,603912,6.28,6.38,6.16,6.32,14220,18787233.0,1.3
2019-11-28,佳力图,603912,6.3,6.37,6.28,6.31,8762,11640738.0,0.8
2019-11-29,佳力图,603912,6.31,6.34,6.25,6.31,9091,12023789.0,0.83
2019-12-02,佳力图,603912,6.34,6.41,6.34,6.37,9882,13206757.0,0.91
2019-12-03,佳力图,603912,6.33,6.48,6.26,6.45,17033,22805535.0,1.56
2019-12-04,佳力图,603912,6.45,6.47,6.38,6.43,11223,15112188.0,1.03
2019-12-05,佳力图,603912,6.43,6.6,6.4,6.58,20358,27757768.0,1.87
2019-12-06,佳力图,603912,6.55,6.58,6.51,6.58,16229,22278424.0,1.49
2019-12-09,佳力图,603912,6.6,6.64,6.49,6.51,14241,19507704.0,1.31
2019-12-10,佳力图,603912,6.51,6.53,6.44,6.5,12838,17440217.0,1.18
2019-12-11,佳力图,603912,6.54,6.55,6.42,6.45,10844,14701441.0,0.99
2019-12-12,佳力图,603912,6.44,6.51,6.4,6.42,11645,15759766.0,1.07
2019-12-13,佳力图,603912,6.46,6.61,6.46,6.58,24739,33924980.0,2.27
2019-12-16,佳力图,603912,6.58,6.7,6.58,6.69,31983,44564241.0,2.93
2019-12-17,佳力图,603912,6.68,6.78,6.65,6.71,27673,38892977.0,2.54
2019-12-18,佳力图,603912,6.73,6.77,6.68,6.71,26229,36876237.0,2.4
2019-12-19,佳力图,603912,6.81,6.94,6.79,6.81,30439,43652604.0,2.79
2019-12-20,佳力图,603912,6.81,6.84,6.63,6.64,23089,32452270.0,2.12
2019-12-23,佳力图,603912,6.64,6.67,6.53,6.53,16681,23001412.0,1.53
2019-12-24,佳力图,603912,6.54,6.62,6.51,6.6,15719,21594904.0,1.44
2019-12-25,佳力图,603912,6.6,6.66,6.57,6.63,14884,20657114.0,1.36
2019-12-26,佳力图,603912,6.63,6.7,6.6,6.68,16274,22704149.0,1.49
2019-12-27,佳力图,603912,6.68,6.72,6.54,6.57,20205,28145904.0,1.85
2019-12-30,佳力图,603912,6.56,6.6,6.35,6.56,14749,20097337.0,1.35
2019-12-31,佳力图,603912,6.56,6.62,6.53,6.56,9661,13291273.0,0.89
2020-01-02,佳力图,603912,6.6,6.73,6.57,6.72,25237,35234909.0,2.31
2020-01-03,佳力图,603912,6.74,6.76,6.67,6.73,22992,32350990.0,2.11
2020-01-06,佳力图,603912,6.69,6.84,6.64,6.79,30884,43772206.0,2.83
2020-01-07,佳力图,603912,6.83,6.89,6.76,6.86,27967,39905744.0,2.56
2020-01-08,佳力图,603912,6.81,6.88,6.67,6.77,30485,43294260.0,2.79
2020-01-09,佳力图,603912,6.79,7.02,6.79,6.93,34961,50368324.0,3.2
2020-01-10,佳力图,603912,6.94,6.98,6.84,6.89,24957,35965267.0,2.29
2020-01-13,佳力图,603912,6.87,6.98,6.8,6.97,24306,35105882.0,2.23
2020-01-14,佳力图,603912,6.98,7.28,6.98,6.99,43856,64958512.0,4.02
2020-01-15,佳力图,603912,6.99,7.44,6.99,7.28,77596,117641601.0,7.11
2020-01-16,佳力图,603912,7.28,7.81,7.28,7.72,108174,170663880.0,9.92
2020-01-17,佳力图,603912,7.61,7.72,7.46,7.71,81846,128856691.0,7.5
2020-01-20,佳力图,603912,7.61,7.64,7.49,7.56,60508,95160774.0,5.55
2020-01-21,佳力图,603912,7.39,7.39,7.03,7.05,63695,95545536.0,5.84
2020-01-22,佳力图,603912,6.97,7.13,6.84,7.04,38508,56282433.0,3.53
2020-01-23,佳力图,603912,6.78,6.99,6.63,6.7,36312,51546526.0,3.33
2020-02-03,佳力图,603912,5.98,6.0,5.98,5.98,18666,23557271.0,1.71
2020-02-04,佳力图,603912,5.43,5.91,5.43,5.78,33855,41427764.0,3.1
2020-02-05,佳力图,603912,5.85,6.05,5.82,5.97,31314,39380708.0,2.87
2020-02-06,佳力图,603912,5.94,6.27,5.93,6.18,31301,40121033.0,2.87
2020-02-07,佳力图,603912,6.19,6.78,6.18,6.56,51616,70701050.0,4.73
2020-02-10,佳力图,603912,6.51,6.81,6.43,6.66,44013,61080707.0,4.03
2020-02-11,佳力图,603912,6.8,6.99,6.66,6.81,60715,86776342.0,5.57
2020-02-12,佳力图,603912,6.92,7.37,6.75,7.25,73675,108735071.0,6.75
2020-02-13,佳力图,603912,7.31,7.34,6.92,6.97,61258,90416338.0,5.62
2020-02-14,佳力图,603912,7.02,7.2,6.91,6.99,42764,62975569.0,3.92
2020-02-17,佳力图,603912,7.09,7.27,7.05,7.21,55521,83255651.0,5.09
2020-02-18,佳力图,603912,7.22,7.45,7.12,7.35,56802,86277124.0,5.21
2020-02-19,佳力图,603912,7.38,7.38,7.12,7.15,52418,78991217.0,4.81
2020-02-20,佳力图,603912,7.14,7.85,7.1,7.61,90356,141804856.0,8.28
2020-02-21,佳力图,603912,7.61,7.89,7.54,7.76,96363,155279088.0,8.83
2020-02-24,佳力图,603912,7.73,8.12,7.62,8.01,74038,122108714.0,6.79
2020-02-25,佳力图,603912,7.74,8.31,7.56,8.3,94125,156336359.0,8.63
2020-02-26,佳力图,603912,8.26,9.17,8.05,9.17,184534,335020896.0,16.92
2020-02-27,佳力图,603912,9.23,9.73,8.34,8.88,200545,372567936.0,18.38
2020-02-28,佳力图,603912,8.77,9.13,8.16,8.32,111722,199483517.0,10.24
2020-03-02,佳力图,603912,9.19,9.19,9.19,9.19,47922,90620502.0,4.39
2020-03-03,佳力图,603912,10.16,10.16,10.16,10.16,4902,10195744.0,0.45
2020-03-04,佳力图,603912,10.94,11.22,10.67,11.22,216387,490324528.0,19.84
2020-03-05,佳力图,603912,12.39,12.39,12.39,12.39,7861,19786162.0,0.72
2020-03-06,佳力图,603912,12.2,13.67,12.05,13.67,301446,788182864.0,27.63
2020-03-09,佳力图,603912,12.81,15.05,12.31,13.41,316386,883973888.0,29.0
2020-03-10,佳力图,603912,12.82,14.8,12.07,14.09,327322,896576000.0,30.01
2020-03-11,佳力图,603912,14.09,15.31,13.26,13.77,349884,1010307408.0,32.07
2020-03-12,佳力图,603912,12.38,12.92,12.34,12.34,238557,603863792.0,21.87
2020-03-13,佳力图,603912,11.06,11.57,11.06,11.06,194760,443726224.0,17.85
2020-03-16,佳力图,603912,11.13,11.26,10.01,10.15,172234,373521824.0,15.79
2020-03-17,佳力图,603912,10.44,11.02,9.94,10.52,139898,297933088.0,12.82
2020-03-18,佳力图,603912,10.57,11.03,9.98,9.98,150100,324642768.0,13.76
2020-03-19,佳力图,603912,10.13,10.96,10.01,10.71,163788,351245904.0,15.01
2020-03-20,佳力图,603912,10.94,11.41,10.71,11.05,173438,390782144.0,15.9
2020-03-23,佳力图,603912,10.15,10.94,9.9,9.9,133840,283637680.0,12.27
2020-03-24,佳力图,603912,10.31,10.64,9.36,10.3,145883,304925392.0,13.37
2020-03-25,佳力图,603912,10.35,10.82,10.21,10.67,142394,308271664.0,13.05
2020-03-26,佳力图,603912,10.31,10.4,10.09,10.11,94339,197367588.0,8.65
2020-03-27,佳力图,603912,10.41,10.44,9.76,9.8,69835,143796405.0,6.4
2020-03-30,佳力图,603912,9.52,9.63,9.08,9.26,77674,148695345.0,7.12
2020-03-31,佳力图,603912,9.41,9.51,9.19,9.29,58726,112900338.0,5.38
2020-04-01,佳力图,603912,9.34,9.52,9.13,9.24,52825,101255371.0,4.84
2020-04-02,佳力图,603912,9.36,10.21,9.36,10.21,137648,281807584.0,12.62
2020-04-03,佳力图,603912,10.12,10.73,10.12,10.3,144126,305557200.0,13.21
2020-04-07,佳力图,603912,10.52,10.7,10.42,10.56,113445,244963262.0,10.4
2020-04-08,佳力图,603912,10.27,10.73,10.26,10.42,78497,168266331.0,7.2
2020-04-09,佳力图,603912,10.54,10.76,10.28,10.58,90843,196398655.0,8.33
2020-04-10,佳力图,603912,10.39,10.64,10.02,10.12,71955,151422582.0,6.6
2020-04-13,佳力图,603912,10.13,10.22,9.63,9.87,48374,98236594.0,4.43
2020-04-14,佳力图,603912,10.03,10.1,9.76,10.01,46862,95320131.0,4.3
2020-04-15,佳力图,603912,10.09,10.09,9.54,9.61,68002,136128172.0,6.23
2020-04-16,佳力图,603912,9.68,9.95,9.25,9.73,62374,123809061.0,5.72
2020-04-17,佳力图,603912,9.96,10.01,9.6,9.63,72512,145567562.0,6.65
2020-04-20,佳力图,603912,9.61,9.95,9.51,9.9,73868,148339199.0,6.77
2020-04-21,佳力图,603912,9.82,10.93,9.74,10.93,201690,438998496.0,18.49
2020-04-22,佳力图,603912,10.77,10.92,10.59,10.78,145960,320003024.0,13.38
2020-04-23,佳力图,603912,10.72,10.85,10.34,10.51,100695,215760230.0,9.23
2020-04-24,佳力图,603912,10.44,10.67,9.65,9.75,97101,201086541.0,8.9
2020-04-27,佳力图,603912,9.76,9.84,9.28,9.29,82775,161139866.0,7.59
2020-04-28,佳力图,603912,9.28,9.28,8.32,8.5,88776,157940057.0,8.14
2020-04-29,佳力图,603912,8.34,8.61,8.22,8.26,62292,107543119.0,5.71
2020-04-30,佳力图,603912,8.38,8.92,8.29,8.83,77193,138144708.0,7.08
2020-05-06,佳力图,603912,8.68,9.18,8.64,9.12,59503,110306429.0,5.45
2020-05-07,佳力图,603912,9.29,10.08,9.27,9.77,146827,296927920.0,13.46
2020-05-08,佳力图,603912,9.64,10.14,9.58,10.05,121172,246475002.0,11.11
2020-05-11,佳力图,603912,10.11,10.26,9.79,9.95,95592,196003576.0,8.76
2020-05-12,佳力图,603912,10.13,10.15,9.52,9.82,61435,123381452.0,5.63
2020-05-13,佳力图,603912,9.76,9.94,9.54,9.67,54697,108593183.0,5.01
2020-05-14,佳力图,603912,9.74,9.74,9.39,9.42,42884,83817211.0,3.93
2020-05-15,佳力图,603912,9.51,9.7,9.4,9.51,48552,95278154.0,4.45
2020-05-18,佳力图,603912,9.49,9.57,9.2,9.23,47210,90757068.0,4.33
2020-05-19,佳力图,603912,9.36,9.52,9.21,9.34,36683,70566554.0,3.36
2020-05-20,佳力图,603912,9.28,9.36,9.07,9.12,41523,78362007.0,3.81
2020-05-21,佳力图,603912,9.09,9.16,8.86,8.9,36863,68251588.0,3.38
2020-05-22,佳力图,603912,8.81,8.97,8.49,8.61,35626,63814227.0,3.27
2020-05-25,佳力图,603912,8.61,8.7,8.41,8.45,25250,44334822.0,2.31
2020-05-26,佳力图,603912,8.37,8.77,8.35,8.76,34959,62170996.0,3.09
2020-05-27,佳力图,603912,8.84,8.84,8.43,8.52,30395,53823062.0,2.68
2020-05-28,佳力图,603912,8.45,8.55,8.21,8.55,40842,70798117.0,3.6
2020-05-29,佳力图,603912,8.41,8.57,8.35,8.4,27475,47944035.0,2.42
2020-06-01,佳力图,603912,8.51,8.87,8.47,8.83,39267,70579064.0,3.47
2020-06-02,佳力图,603912,8.88,9.02,8.79,8.93,42068,77062233.0,3.71
2020-06-03,佳力图,603912,9.05,9.13,8.82,8.87,35208,64624399.0,3.11
2020-06-04,佳力图,603912,8.93,8.97,8.63,8.74,35776,64716392.0,3.16
2020-06-05,佳力图,603912,8.85,9.14,8.77,9.02,62546,115184381.0,5.52
2020-06-08,佳力图,603912,9.11,9.74,8.98,9.54,94574,184359818.0,8.35
2020-06-09,佳力图,603912,9.53,10.0,9.3,9.93,89963,179288904.0,7.94
2020-06-10,佳力图,603912,10.1,10.42,9.8,10.38,109005,226146849.0,9.62
2020-06-11,佳力图,603912,10.38,10.59,9.81,10.09,96995,202304541.0,8.56
2020-06-12,佳力图,603912,9.6,10.36,9.6,10.18,68374,140539956.0,6.03
2020-06-15,佳力图,603912,10.21,10.56,10.07,10.26,70569,149524095.0,6.23
2020-06-16,佳力图,603912,10.5,10.64,10.11,10.4,84335,180031092.0,7.44
2020-06-17,佳力图,603912,10.35,10.44,9.82,10.32,88406,182817292.0,7.8
2020-06-18,佳力图,603912,10.26,10.94,10.2,10.81,86180,187206300.0,7.61
2020-06-19,佳力图,603912,11.03,11.94,10.83,11.06,126096,291445984.0,11.13
2020-06-22,佳力图,603912,10.93,11.94,10.44,10.52,122181,276026064.0,10.78
2020-06-23,佳力图,603912,10.71,10.91,9.9,10.77,105009,223642874.0,9.27
2020-06-24,佳力图,603912,10.67,11.09,10.57,11.02,98342,218463613.0,8.68
2020-06-29,佳力图,603912,10.93,10.93,10.42,10.68,63541,138063061.0,5.61
2020-06-30,佳力图,603912,10.63,10.81,10.33,10.42,71416,153735502.0,6.3
2020-07-01,佳力图,603912,10.48,11.07,10.48,10.87,90015,198623914.0,7.94
2020-07-02,佳力图,603912,10.81,11.78,10.8,11.55,108036,250601670.0,9.53
2020-07-03,佳力图,603912,11.57,11.66,11.05,11.28,72994,165987008.0,6.44
2020-07-06,佳力图,603912,11.35,11.96,11.26,11.83,83106,194080004.0,7.33
2020-07-07,佳力图,603912,12.17,12.17,11.77,11.91,75738,183051173.0,6.68
2020-07-08,佳力图,603912,11.82,12.63,11.77,12.13,73609,182147845.0,6.5
2020-07-09,佳力图,603912,11.97,12.56,11.95,12.33,75400,185598705.0,6.65
2020-07-10,佳力图,603912,12.17,13.23,12.06,13.15,81444,207987232.0,7.19
2020-07-13,佳力图,603912,13.19,13.39,12.81,13.28,83284,218317590.0,7.35
2020-07-14,佳力图,603912,13.09,13.17,12.07,12.72,69072,175618177.0,6.1
2020-07-15,佳力图,603912,12.72,12.72,11.95,12.39,53738,133045076.0,4.74
2020-07-16,佳力图,603912,12.27,12.68,11.51,11.56,45452,110602980.0,4.01
2020-07-17,佳力图,603912,11.6,11.71,11.13,11.2,39334,90132748.0,3.47
2020-07-20,佳力图,603912,11.32,11.59,10.91,11.19,55255,124575758.0,4.88
2020-07-21,佳力图,603912,11.25,11.34,10.94,11.12,35340,79155303.0,3.12
2020-07-22,佳力图,603912,11.09,11.61,11.02,11.28,51085,116489241.0,4.51
2020-07-23,佳力图,603912,11.2,11.2,10.53,10.87,54169,117778347.0,4.78
2020-07-24,佳力图,603912,10.8,10.82,9.82,9.87,63090,130539448.0,5.57
2020-07-27,佳力图,603912,9.97,10.1,9.56,9.64,37784,74734135.0,3.33
2020-07-28,佳力图,603912,9.98,10.4,9.93,10.08,54046,110477559.0,4.77
2020-07-29,佳力图,603912,10.02,10.49,9.89,10.48,46294,95885005.0,4.09
2020-07-30,佳力图,603912,10.33,10.42,10.08,10.17,37609,77873842.0,3.32
2020-07-31,佳力图,603912,10.09,10.4,10.09,10.29,29980,62277290.0,2.65
2020-08-03,佳力图,603912,10.34,10.66,10.32,10.6,34485,73540633.0,3.04
2020-08-04,佳力图,603912,10.64,10.65,10.2,10.36,42926,89962786.0,3.79
2020-08-05,佳力图,603912,10.24,10.56,10.12,10.49,52418,109113615.0,4.63
2020-08-06,佳力图,603912,10.48,10.6,10.11,10.25,35472,73674131.0,3.13
2020-08-07,佳力图,603912,10.13,10.21,9.78,9.93,30402,61452884.0,2.68
2020-08-10,佳力图,603912,9.93,10.18,9.88,10.01,19389,39219216.0,1.71
2020-08-11,佳力图,603912,9.99,10.05,9.77,9.77,24692,49357660.0,2.18
2020-08-12,佳力图,603912,9.78,9.78,9.28,9.47,34300,65474029.0,3.03
2020-08-13,佳力图,603912,9.55,9.67,9.47,9.52,17000,32961798.0,1.5
2020-08-14,佳力图,603912,9.58,9.68,9.42,9.67,18756,36428901.0,1.66
2020-08-17,佳力图,603912,9.7,9.87,9.6,9.83,23438,46424900.0,2.07
2020-08-18,佳力图,603912,9.82,9.94,9.8,9.87,19486,38895074.0,1.72
2020-08-19,佳力图,603912,9.86,9.88,9.58,9.63,18938,37199008.0,1.67
2020-08-20,佳力图,603912,9.54,9.74,9.42,9.49,13047,25225774.0,1.15
2020-08-21,佳力图,603912,9.57,9.75,9.37,9.41,19785,38217649.0,1.75
2020-08-24,佳力图,603912,9.46,9.46,9.18,9.44,18965,35907326.0,1.67
2020-08-25,佳力图,603912,9.45,9.55,9.31,9.34,15004,28671047.0,1.32
2020-08-26,佳力图,603912,9.42,9.42,9.0,9.11,21084,39143283.0,1.86
2020-08-27,佳力图,603912,9.11,9.47,8.98,9.41,22184,41845793.0,1.96
2020-08-28,佳力图,603912,9.46,9.61,9.34,9.5,23797,45793903.0,2.1
2020-08-31,佳力图,603912,9.52,9.82,9.52,9.7,32897,64815010.0,2.9
2020-09-01,佳力图,603912,9.69,9.82,9.65,9.7,18125,35732076.0,1.6
2020-09-02,佳力图,603912,9.76,9.78,9.61,9.75,17020,33408422.0,1.5
2020-09-03,佳力图,603912,9.88,10.03,9.66,9.88,29668,59155590.0,2.62
2020-09-04,佳力图,603912,9.72,10.02,9.57,9.96,24181,48374390.0,2.13
2020-09-07,佳力图,603912,9.96,10.03,9.7,9.83,18967,37963157.0,1.67
2020-09-08,佳力图,603912,9.79,9.84,9.65,9.71,16113,31718603.0,1.42
2020-09-09,佳力图,603912,9.63,9.67,9.24,9.3,22387,42685696.0,1.98
2020-09-10,佳力图,603912,9.42,9.43,8.76,8.8,23953,43864217.0,2.11
2020-09-11,佳力图,603912,8.82,8.99,8.65,8.88,13111,23654127.0,1.16
2020-09-14,佳力图,603912,8.89,9.05,8.82,8.94,18510,33625204.0,1.63
2020-09-15,佳力图,603912,8.98,8.98,8.67,8.84,22144,39624653.0,1.95
2020-09-16,佳力图,603912,8.85,8.98,8.74,8.78,13298,23877831.0,1.17
2020-09-17,佳力图,603912,8.78,9.04,8.76,8.98,16055,29121388.0,1.42
2020-09-18,佳力图,603912,8.97,9.05,8.89,9.01,12211,22272911.0,1.08
2020-09-21,佳力图,603912,9.06,9.09,8.94,9.01,8748,16012097.0,0.77
2020-09-22,佳力图,603912,9.01,9.01,8.76,8.83,11269,20242656.0,0.99
2020-09-23,佳力图,603912,8.91,8.96,8.76,8.87,8973,16151793.0,0.79
2020-09-24,佳力图,603912,8.77,8.8,8.45,8.48,19730,34527385.0,1.74
2020-09-25,佳力图,603912,8.57,8.63,8.31,8.48,12419,21333039.0,1.1
2020-09-28,佳力图,603912,8.52,8.57,8.19,8.22,12707,21581028.0,1.12
2020-09-29,佳力图,603912,8.32,8.54,8.13,8.33,18915,32139258.0,1.67
2020-09-30,佳力图,603912,8.34,8.41,8.14,8.17,15669,26221168.0,1.38
2020-10-09,佳力图,603912,8.3,8.54,8.26,8.48,16586,28564736.0,1.46
2020-10-12,佳力图,603912,8.57,8.84,8.46,8.8,17977,31911239.0,1.59
2020-10-13,佳力图,603912,8.85,8.85,8.72,8.76,10594,18905244.0,0.93
2020-10-14,佳力图,603912,8.83,8.84,8.66,8.79,13124,23272173.0,1.16
2020-10-15,佳力图,603912,8.78,8.78,8.62,8.67,8329,14759436.0,0.74
2020-10-16,佳力图,603912,8.7,8.74,8.56,8.6,7471,13114878.0,0.66
2020-10-19,佳力图,603912,8.58,8.74,8.41,8.46,11294,19601905.0,1.0
2020-10-20,佳力图,603912,8.43,8.69,8.36,8.66,10895,18894009.0,0.96
2020-10-21,佳力图,603912,8.65,8.85,8.46,8.85,28097,49723381.0,2.48
2020-10-22,佳力图,603912,8.93,9.11,8.68,8.85,40943,73814329.0,3.61
2020-10-23,佳力图,603912,8.85,8.91,8.49,8.49,17343,30549752.0,1.53
2020-10-26,佳力图,603912,8.45,9.06,8.24,9.0,46026,81615451.0,4.06
2020-10-27,佳力图,603912,8.84,8.95,8.42,8.47,36504,63524349.0,3.22
2020-10-28,佳力图,603912,8.51,8.84,8.35,8.75,28055,49120511.0,2.48
2020-10-29,佳力图,603912,8.61,9.25,8.55,9.08,52847,97381602.0,4.66
2020-10-30,佳力图,603912,9.08,9.19,8.79,8.85,30496,55705436.0,2.69
2020-11-02,佳力图,603912,8.85,9.09,8.65,9.04,24177,43696988.0,1.14
2020-11-03,佳力图,603912,9.01,9.25,8.98,9.16,25015,46510872.0,1.18
2020-11-04,佳力图,603912,9.11,9.37,9.08,9.21,28715,53740455.0,1.35
2020-11-05,佳力图,603912,9.32,9.37,9.11,9.28,35176,66061316.0,1.65
2020-11-06,佳力图,603912,9.29,9.29,9.11,9.18,19225,35850644.0,0.9
2020-11-09,佳力图,603912,9.27,9.5,9.14,9.5,42794,81348773.0,2.01
2020-11-10,佳力图,603912,9.45,9.51,9.17,9.18,29543,55584567.0,1.39
2020-11-11,佳力图,603912,9.21,9.21,8.91,8.92,21262,38820294.0,1.0
2020-11-12,佳力图,603912,8.92,9.07,8.78,8.95,14614,26391085.0,0.69
2020-11-13,佳力图,603912,8.96,8.97,8.79,8.94,10974,19835450.0,0.52
2020-11-16,佳力图,603912,8.91,8.99,8.78,8.79,14662,26313386.0,0.69
2020-11-17,佳力图,603912,8.79,8.79,8.44,8.46,22128,38423380.0,1.04
2020-11-18,佳力图,603912,8.35,8.59,8.35,8.54,16286,28241016.0,0.77
2020-11-19,佳力图,603912,8.54,8.65,8.52,8.55,13168,22957546.0,0.62
2020-11-20,佳力图,603912,8.57,8.61,8.44,8.49,14284,24697460.0,0.67
2020-11-23,佳力图,603912,8.5,8.53,8.4,8.48,10651,18362209.0,0.5
2020-11-24,佳力图,603912,8.62,8.87,8.56,8.65,24947,44095877.0,1.17
2020-11-25,佳力图,603912,8.61,8.74,8.54,8.64,16661,29199704.0,0.78
2020-11-26,佳力图,603912,8.6,8.62,8.45,8.48,13540,23420971.0,0.64
2020-11-27,佳力图,603912,8.45,8.53,8.3,8.47,11840,20239646.0,0.56
2020-11-30,佳力图,603912,8.47,8.49,8.36,8.41,12024,20597324.0,0.57
2020-12-01,佳力图,603912,8.44,8.72,8.37,8.62,18525,32394906.0,0.87
2020-12-02,佳力图,603912,8.69,8.69,8.54,8.62,9677,16915129.0,0.45
2020-12-03,佳力图,603912,8.63,8.63,8.46,8.49,12233,21237900.0,0.58
2020-12-04,佳力图,603912,8.46,8.54,8.46,8.47,8108,14018076.0,0.38
2020-12-07,佳力图,603912,8.47,8.54,8.35,8.39,10428,17927880.0,0.49
2020-12-08,佳力图,603912,8.45,8.45,8.36,8.39,8137,13914447.0,0.38
2020-12-09,佳力图,603912,8.41,8.43,8.19,8.23,12635,21290651.0,0.59
2020-12-10,佳力图,603912,8.24,8.24,8.06,8.11,12409,20528507.0,0.58
2020-12-11,佳力图,603912,8.12,8.13,7.51,7.58,25939,40820311.0,1.22
2020-12-14,佳力图,603912,7.58,7.64,7.41,7.58,14943,23131647.0,0.7
2020-12-15,佳力图,603912,7.58,7.63,7.51,7.58,10931,16892314.0,0.51
2020-12-16,佳力图,603912,7.57,7.57,7.35,7.37,12919,19626292.0,0.61
2020-12-17,佳力图,603912,7.37,7.47,7.12,7.43,20251,30177467.0,0.95
2020-12-18,佳力图,603912,7.42,7.5,7.31,7.41,9578,14501341.0,0.45
2020-12-21,佳力图,603912,7.55,7.55,7.33,7.41,13560,20581608.0,0.64
2020-12-22,佳力图,603912,7.45,7.45,7.25,7.29,13415,20215250.0,0.63
2020-12-23,佳力图,603912,7.27,7.41,7.23,7.27,14069,21052880.0,0.66
2020-12-24,佳力图,603912,7.38,7.38,6.97,7.07,13998,20393720.0,0.66
2020-12-25,佳力图,603912,7.07,7.21,7.03,7.05,12436,18127035.0,0.58
2020-12-28,佳力图,603912,6.97,7.05,6.77,6.79,15695,22077158.0,0.74
2020-12-29,佳力图,603912,6.79,7.05,6.79,6.95,18350,26180350.0,0.86
2020-12-30,佳力图,603912,6.95,7.05,6.88,6.93,11220,15999057.0,0.53
2020-12-31,佳力图,603912,6.95,7.03,6.9,6.98,13437,19198266.0,0.63
2021-01-04,佳力图,603912,6.98,7.21,6.93,7.1,18957,27530269.0,0.89
2021-01-05,佳力图,603912,7.1,7.3,7.04,7.24,16794,24618578.0,0.79
2021-01-06,佳力图,603912,7.23,7.23,6.83,6.86,25190,35968313.0,1.18
2021-01-07,佳力图,603912,6.82,6.9,6.56,6.63,19629,26954999.0,0.92
2021-01-08,佳力图,603912,6.61,6.85,6.4,6.67,18018,24701108.0,0.85
2021-01-11,佳力图,603912,6.51,6.65,6.14,6.18,36816,47916856.0,1.73
2021-01-12,佳力图,603912,6.21,6.54,6.1,6.25,22144,29035314.0,1.04
2021-01-13,佳力图,603912,6.28,6.35,6.11,6.13,17592,22371988.0,0.83
2021-01-14,佳力图,603912,6.2,6.41,6.13,6.3,18396,23798473.0,0.86
2021-01-15,佳力图,603912,6.36,6.51,6.35,6.47,16480,21932064.0,0.77
2021-01-18,佳力图,603912,6.39,6.68,6.39,6.58,17063,23126190.0,0.8
2021-01-19,佳力图,603912,6.72,6.76,6.58,6.63,13740,18810881.0,0.65
2021-01-20,佳力图,603912,6.63,6.7,6.51,6.54,9887,13345450.0,0.46
2021-01-21,佳力图,603912,6.53,6.64,6.48,6.52,10769,14520697.0,0.51
2021-01-22,佳力图,603912,6.55,6.59,6.32,6.38,11734,15517411.0,0.55
2021-01-25,佳力图,603912,6.38,6.38,6.16,6.17,14610,18778071.0,0.69
2021-01-26,佳力图,603912,6.15,6.5,6.13,6.31,16451,21609259.0,0.77
2021-01-27,佳力图,603912,6.24,6.57,6.24,6.44,17356,23013126.0,0.82
2021-01-28,佳力图,603912,6.28,6.56,6.27,6.39,15682,20762959.0,0.74
2021-01-29,佳力图,603912,6.43,6.43,6.12,6.23,16299,20951671.0,0.77
2021-02-01,佳力图,603912,6.19,6.31,6.15,6.23,8541,10946492.0,0.4
2021-02-02,佳力图,603912,6.21,6.29,6.13,6.22,9948,12739649.0,0.47
2021-02-03,佳力图,603912,6.18,6.22,5.9,5.94,15766,19511241.0,0.74
2021-02-04,佳力图,603912,5.85,5.98,5.76,5.8,14109,17028182.0,0.66
2021-02-05,佳力图,603912,5.86,5.96,5.74,5.76,8438,10171077.0,0.4
2021-02-08,佳力图,603912,5.81,5.82,5.29,5.63,11836,13841659.0,0.56
2021-02-09,佳力图,603912,5.56,5.73,5.54,5.7,9669,11352246.0,0.45
2021-02-10,佳力图,603912,5.76,5.87,5.71,5.87,11742,14107492.0,0.55
2021-02-18,佳力图,603912,6.1,6.17,5.91,6.14,15258,19183070.0,0.72
2021-02-19,佳力图,603912,6.07,6.23,6.07,6.19,14139,18076886.0,0.66
2021-02-22,佳力图,603912,6.23,6.49,6.21,6.38,20464,26958673.0,0.96
2021-02-23,佳力图,603912,6.4,6.4,6.21,6.23,11658,15080348.0,0.55
2021-02-24,佳力图,603912,6.21,6.37,6.18,6.25,11496,14887330.0,0.54
2021-02-25,佳力图,603912,6.3,6.38,6.12,6.12,10110,12878263.0,0.48
2021-02-26,佳力图,603912,6.06,6.39,6.04,6.28,14407,18567884.0,0.68
2021-03-01,佳力图,603912,6.27,6.44,6.27,6.39,13813,18107081.0,0.65
2021-03-02,佳力图,603912,6.41,6.45,6.27,6.28,15587,20397163.0,0.73
2021-03-03,佳力图,603912,6.21,6.4,6.16,6.24,21293,27347848.0,1.0
2021-03-04,佳力图,603912,6.22,6.42,6.08,6.12,32416,41778565.0,1.52
2021-03-05,佳力图,603912,6.09,6.2,6.01,6.15,14178,17986940.0,0.67
2021-03-08,佳力图,603912,6.15,6.38,6.12,6.14,18471,23724828.0,0.87
2021-03-09,佳力图,603912,6.12,6.2,5.85,5.87,19733,24309443.0,0.93
2021-03-10,佳力图,603912,5.89,5.93,5.72,5.89,13049,15738544.0,0.61
2021-03-11,佳力图,603912,5.84,6.0,5.7,5.97,21401,25904952.0,1.01
2021-03-12,佳力图,603912,5.95,6.07,5.91,5.94,16642,20544646.0,0.78
2021-03-15,佳力图,603912,5.92,6.15,5.92,6.03,19971,24779613.0,0.94
2021-03-16,佳力图,603912,5.97,6.12,5.94,6.09,15156,18951009.0,0.71
2021-03-17,佳力图,603912,6.1,6.36,6.04,6.36,33561,43292903.0,1.58
2021-03-18,佳力图,603912,6.39,6.4,6.2,6.26,25777,33232803.0,1.21
2021-03-19,佳力图,603912,6.45,6.92,6.45,6.78,93389,130386259.0,4.39
2021-03-22,佳力图,603912,6.57,6.86,6.46,6.85,76845,105364067.0,3.61
2021-03-23,佳力图,603912,6.84,7.1,6.72,6.89,66436,94434775.0,3.12
2021-03-24,佳力图,603912,6.95,7.32,6.76,6.82,50478,72166113.0,2.37
2021-03-25,佳力图,603912,6.72,6.88,6.54,6.72,33003,45677210.0,1.55
2021-03-26,佳力图,603912,6.74,6.79,6.61,6.77,30374,42022286.0,1.43
2021-03-29,佳力图,603912,6.87,7.2,6.87,7.1,68594,98954856.0,3.22
2021-03-30,佳力图,603912,7.1,7.13,6.97,7.04,32515,46843700.0,1.53
2021-03-31,佳力图,603912,7.04,7.06,6.83,6.88,25908,36786308.0,1.22
2021-04-01,佳力图,603912,6.88,6.89,6.77,6.78,18745,26239054.0,0.88
2021-04-02,佳力图,603912,6.83,7.01,6.71,6.86,24500,34687875.0,1.15
2021-04-06,佳力图,603912,6.92,6.95,6.77,6.8,16401,23004284.0,0.77
2021-04-07,佳力图,603912,6.8,6.9,6.79,6.82,13822,19383730.0,0.65
2021-04-08,佳力图,603912,6.82,6.86,6.67,6.68,17173,23785592.0,0.81
2021-04-09,佳力图,603912,6.76,6.76,6.66,6.67,11435,15737021.0,0.54
2021-04-12,佳力图,603912,6.67,6.67,6.49,6.54,18766,25352540.0,0.88
2021-04-13,佳力图,603912,6.51,6.59,6.43,6.52,12245,16392731.0,0.58
2021-04-14,佳力图,603912,6.56,6.68,6.46,6.67,13369,18032805.0,0.63
2021-04-15,佳力图,603912,6.54,6.79,6.54,6.76,18883,26050565.0,0.89
2021-04-16,佳力图,603912,6.82,6.86,6.65,6.76,24452,33768033.0,1.15
2021-04-19,佳力图,603912,6.76,6.85,6.69,6.83,22245,30976656.0,1.05
2021-04-20,佳力图,603912,6.83,6.88,6.74,6.74,20206,28206087.0,0.95
2021-04-21,佳力图,603912,6.72,6.72,6.51,6.53,26122,35407544.0,1.23
2021-04-22,佳力图,603912,6.48,6.66,6.48,6.65,15059,20424375.0,0.71
2021-04-23,佳力图,603912,6.67,6.67,6.48,6.57,14342,19313328.0,0.67
2021-04-26,佳力图,603912,6.59,6.59,6.44,6.46,12848,17166565.0,0.6
2021-04-27,佳力图,603912,6.49,6.55,6.32,6.36,14278,18785362.0,0.67
2021-04-28,佳力图,603912,6.36,6.44,6.26,6.44,10049,13215663.0,0.47
2021-04-29,佳力图,603912,6.44,6.48,6.33,6.35,10807,14185059.0,0.51
2021-04-30,佳力图,603912,6.31,6.32,6.09,6.15,18375,23379731.0,0.86
2021-05-06,佳力图,603912,6.11,6.29,6.02,6.02,13065,16440916.0,0.61
2021-05-07,佳力图,603912,6.0,6.07,5.97,6.02,8973,11178622.0,0.42
2021-05-10,佳力图,603912,6.03,6.24,6.03,6.11,22351,28338679.0,1.03
2021-05-11,佳力图,603912,6.11,6.11,5.96,6.04,14160,17592508.0,0.65
2021-05-12,佳力图,603912,6.03,6.36,5.96,6.16,19681,25060905.0,0.91
2021-05-13,佳力图,603912,6.14,6.2,5.9,5.9,28165,35105784.0,1.3
2021-05-14,佳力图,603912,5.91,6.52,5.9,6.52,31774,41515804.0,1.47
2021-05-17,佳力图,603912,7.2,7.2,7.2,7.2,22070,32574995.0,1.02
2021-05-18,佳力图,603912,7.84,7.96,7.47,7.96,270484,434721408.0,12.47
2021-05-19,佳力图,603912,7.68,7.83,7.33,7.33,220046,338736832.0,10.15
2021-05-20,佳力图,603912,6.99,7.2,6.84,7.11,163156,234554840.0,7.52
2021-05-21,佳力图,603912,6.99,7.56,6.82,7.33,156271,228874154.0,7.21
2021-05-24,佳力图,603912,7.14,8.1,7.03,8.1,173767,264618886.0,8.01
2021-05-25,佳力图,603912,7.84,7.91,7.52,7.58,170758,268155073.0,7.87
2021-05-26,佳力图,603912,7.49,8.09,7.49,7.65,140271,222818483.0,6.47
2021-05-27,佳力图,603912,7.54,8.24,7.49,7.97,159982,255193703.0,7.38
2021-05-28,佳力图,603912,7.84,8.13,7.66,7.9,128591,206282354.0,5.93
2021-05-31,佳力图,603912,7.9,8.09,7.73,8.04,108692,175663227.0,5.01
2021-06-01,佳力图,603912,8.02,8.07,7.84,7.96,88565,143374412.0,4.08
2021-06-02,佳力图,603912,7.95,7.99,7.54,7.59,86922,137095499.0,4.01
2021-06-03,佳力图,603912,7.46,7.73,7.32,7.34,68654,105689615.0,3.17
2021-06-04,佳力图,603912,7.37,7.71,7.37,7.42,52075,79725190.0,2.4
2021-06-07,佳力图,603912,7.36,8.19,7.23,8.01,160681,259850972.0,7.41
2021-06-08,佳力图,603912,8.01,8.39,7.87,8.37,188812,313874240.0,8.71
2021-06-09,佳力图,603912,8.26,8.29,7.82,7.92,116496,189878089.0,5.37
2021-06-10,佳力图,603912,7.92,8.1,7.79,7.99,81182,132153905.0,3.74
2021-06-11,佳力图,603912,7.93,7.94,7.57,7.57,77277,122613618.0,3.56
2021-06-15,佳力图,603912,7.64,8.17,7.51,7.85,91893,148858906.0,4.24
2021-06-16,佳力图,603912,7.73,7.83,7.26,7.29,79732,122267154.0,3.68
2021-06-17,佳力图,603912,7.23,7.48,7.13,7.4,53571,80405070.0,2.47
2021-06-18,佳力图,603912,7.37,7.68,7.28,7.62,54071,83253319.0,2.49
2021-06-21,佳力图,603912,7.73,8.1,7.72,7.83,71358,114985922.0,3.29
2021-06-22,佳力图,603912,7.84,8.06,7.56,7.99,82776,132323217.0,3.82
2021-06-23,佳力图,603912,8.02,8.02,7.76,7.88,54182,85638379.0,2.5
2021-06-24,佳力图,603912,7.94,8.68,7.77,8.53,198350,332789440.0,9.15
2021-06-25,佳力图,603912,8.27,8.36,7.89,7.99,135532,220557651.0,6.25
2021-06-28,佳力图,603912,7.87,8.07,7.87,8.04,53165,85202274.0,2.45
2021-06-29,佳力图,603912,8.03,8.03,7.55,7.63,68269,106523272.0,3.15
2021-06-30,佳力图,603912,7.56,7.8,7.54,7.7,37194,57530334.0,1.71
2021-07-01,佳力图,603912,7.68,8.03,7.58,7.87,62274,97674324.0,2.87
2021-07-02,佳力图,603912,7.82,7.96,7.67,7.82,40596,63685959.0,1.87
2021-07-05,佳力图,603912,7.87,8.06,7.78,8.0,66043,105771958.0,3.05
2021-07-06,佳力图,603912,8.13,8.44,7.97,8.36,113570,187063601.0,5.24
2021-07-07,佳力图,603912,8.3,8.56,8.11,8.47,94158,157223874.0,4.34
2021-07-08,佳力图,603912,8.51,8.57,8.28,8.35,77000,129542111.0,3.55
2021-07-09,佳力图,603912,8.35,8.48,8.17,8.34,65016,108552926.0,3.0
2021-07-12,佳力图,603912,8.34,8.65,8.23,8.43,78149,132607547.0,3.6
2021-07-13,佳力图,603912,8.32,8.91,8.21,8.78,121348,211281082.0,5.59
2021-07-14,佳力图,603912,8.8,9.43,8.57,8.94,153658,277903024.0,7.08
2021-07-15,佳力图,603912,9.06,9.27,8.7,8.86,104787,187046011.0,4.83
2021-07-16,佳力图,603912,8.75,8.98,8.6,8.65,74665,130896692.0,3.44
2021-07-19,佳力图,603912,8.52,9.12,8.39,9.06,106930,188142690.0,4.93
2021-07-20,佳力图,603912,8.88,8.96,8.69,8.86,60651,107193057.0,2.8
2021-07-21,佳力图,603912,8.81,8.9,8.54,8.73,67780,118217130.0,3.13
2021-07-22,佳力图,603912,8.66,9.03,8.58,8.86,75953,133704827.0,3.5
2021-07-23,佳力图,603912,8.78,8.82,8.22,8.26,83395,142114947.0,3.85
2021-07-26,佳力图,603912,8.22,8.5,8.07,8.26,48599,80451004.0,2.24
2021-07-27,佳力图,603912,8.22,8.37,7.97,8.08,53138,87144418.0,2.45
2021-07-28,佳力图,603912,8.0,8.15,7.25,7.49,55551,84911036.0,2.56
2021-07-29,佳力图,603912,7.51,7.69,7.45,7.6,43209,65870146.0,1.99
2021-07-30,佳力图,603912,7.54,7.96,7.47,7.91,61106,95655554.0,2.82
2021-08-02,佳力图,603912,8.47,8.72,8.19,8.21,96022,163397405.0,4.43
2021-08-03,佳力图,603912,8.16,8.49,7.91,7.92,65433,107492123.0,3.02
2021-08-04,佳力图,603912,8.07,8.37,7.98,8.1,49783,81263600.0,2.3
2021-08-05,佳力图,603912,8.08,8.22,7.78,8.15,68665,110283549.0,3.17
2021-08-06,佳力图,603912,7.97,8.08,7.87,7.96,44500,71070691.0,2.05
2021-08-09,佳力图,603912,7.99,8.3,7.97,8.3,62728,103105201.0,2.89
2021-08-10,佳力图,603912,8.22,8.81,8.17,8.49,82543,141642527.0,3.81
2021-08-11,佳力图,603912,8.46,8.77,8.45,8.63,70745,122588400.0,3.26
2021-08-12,佳力图,603912,8.62,8.84,8.49,8.77,76231,132655992.0,3.51
2021-08-13,佳力图,603912,8.88,8.97,8.64,8.77,48735,85514206.0,2.25
2021-08-16,佳力图,603912,8.68,8.82,8.47,8.51,50893,87783609.0,2.35
2021-08-17,佳力图,603912,8.66,8.66,7.96,8.01,59829,99147051.0,2.76
2021-08-18,佳力图,603912,8.13,8.13,7.81,7.88,35973,57196638.0,1.66
2021-08-19,佳力图,603912,7.88,8.01,7.82,7.97,25649,40807098.0,1.18
2021-08-20,佳力图,603912,7.91,7.95,7.68,7.93,26532,41840127.0,1.22
2021-08-23,佳力图,603912,7.93,8.18,7.91,8.17,39205,63768574.0,1.81
2021-08-24,佳力图,603912,8.09,8.21,7.98,8.02,36802,59622904.0,1.7
2021-08-25,佳力图,603912,8.01,8.04,7.82,7.84,35013,55342519.0,1.61
2021-08-26,佳力图,603912,7.85,8.19,7.83,8.15,57178,92681133.0,2.64
2021-08-27,佳力图,603912,8.47,8.98,8.33,8.57,120561,207851983.0,5.56
2021-08-30,佳力图,603912,8.28,9.17,8.23,9.08,156839,274623408.0,7.23
2021-08-31,佳力图,603912,9.03,9.03,8.47,8.81,93777,163450529.0,4.32
2021-09-01,佳力图,603912,8.74,8.9,8.56,8.74,54856,95796327.0,2.53
2021-09-02,佳力图,603912,8.71,9.04,8.43,8.86,72563,127203896.0,3.35
2021-09-03,佳力图,603912,8.77,8.98,8.6,8.78,57059,100639765.0,2.63
2021-09-06,佳力图,603912,8.73,8.8,8.56,8.69,37489,65101777.0,1.73
2021-09-07,佳力图,603912,8.7,9.12,8.64,9.03,100828,181304098.0,4.65
2021-09-08,佳力图,603912,8.89,9.27,8.86,9.1,86108,156004433.0,3.97
2021-09-09,佳力图,603912,9.04,9.09,8.57,8.73,74587,131084592.0,3.44
2021-09-10,佳力图,603912,8.68,8.76,8.57,8.64,35306,61249050.0,1.63
2021-09-13,佳力图,603912,8.54,8.74,8.53,8.71,36893,63770272.0,1.7
2021-09-14,佳力图,603912,8.68,8.91,8.62,8.9,52924,93273252.0,2.44
2021-09-15,佳力图,603912,8.91,8.94,8.66,8.8,33828,59539217.0,1.56
2021-09-16,佳力图,603912,8.76,8.85,8.2,8.2,49146,84048536.0,2.27
2021-09-17,佳力图,603912,8.18,8.3,8.07,8.3,27335,44947251.0,1.26
2021-09-22,佳力图,603912,8.23,8.28,8.07,8.16,18941,31004820.0,0.87
2021-09-23,佳力图,603912,8.19,8.26,8.08,8.23,26232,43046357.0,1.21
2021-09-24,佳力图,603912,8.22,8.22,7.83,7.86,33573,54009987.0,1.55
2021-09-27,佳力图,603912,7.84,7.99,7.69,7.72,22454,35249799.0,1.04
2021-09-28,佳力图,603912,7.71,7.76,7.6,7.61,15722,24156635.0,0.72
2021-09-29,佳力图,603912,7.51,7.59,6.97,7.02,38488,55912634.0,1.77
2021-09-30,佳力图,603912,7.05,7.12,7.03,7.09,13465,19216541.0,0.62
2021-10-08,佳力图,603912,7.27,7.31,7.1,7.23,13741,19940877.0,0.63
2021-10-11,佳力图,603912,7.32,7.32,7.17,7.24,9265,13514510.0,0.43
2021-10-12,佳力图,603912,7.24,7.38,6.98,7.1,17151,24623179.0,0.79
2021-10-13,佳力图,603912,7.05,7.16,6.91,7.11,11325,16090058.0,0.52
2021-10-14,佳力图,603912,7.2,7.24,7.03,7.23,13081,18864591.0,0.6
2021-10-15,佳力图,603912,7.23,7.3,7.13,7.16,9993,14508227.0,0.46
2021-10-18,佳力图,603912,7.08,7.14,6.99,7.12,11494,16365268.0,0.53
2021-10-19,佳力图,603912,7.18,7.68,7.18,7.35,27699,41269636.0,1.28
2021-10-20,佳力图,603912,7.47,7.53,7.29,7.33,19992,29767260.0,0.92
2021-10-21,佳力图,603912,7.29,7.35,7.22,7.34,10802,15875020.0,0.5
2021-10-22,佳力图,603912,7.34,7.4,7.24,7.29,9499,13966619.0,0.44
2021-10-25,佳力图,603912,7.31,7.39,7.22,7.37,11517,17007136.0,0.53
2021-10-26,佳力图,603912,7.37,7.44,7.16,7.19,18580,27318160.0,0.86
2021-10-27,佳力图,603912,6.99,7.0,6.45,6.47,50645,67102118.0,2.34
2021-10-28,佳力图,603912,6.46,6.56,6.28,6.32,23727,30602970.0,1.09
2021-10-29,佳力图,603912,6.3,6.46,6.3,6.43,11691,15146314.0,0.54
2021-11-01,佳力图,603912,6.51,6.73,6.39,6.69,23887,31856118.0,1.1
2021-11-02,佳力图,603912,6.6,6.79,6.47,6.55,19681,26257924.0,0.91
2021-11-03,佳力图,603912,6.55,6.63,6.5,6.56,12555,16623898.0,0.58
2021-11-04,佳力图,603912,6.61,6.68,6.57,6.65,12042,16134712.0,0.56
2021-11-05,佳力图,603912,6.63,6.66,6.57,6.59,12748,17036873.0,0.59
2021-11-08,佳力图,603912,6.41,6.91,6.3,6.54,24103,31746475.0,1.11
2021-11-09,佳力图,603912,6.59,6.71,6.54,6.67,19530,26200468.0,0.9
2021-11-10,佳力图,603912,6.72,6.74,6.59,6.73,17589,23649599.0,0.81
2021-11-11,佳力图,603912,6.73,6.79,6.67,6.74,15545,21179511.0,0.72
2021-11-12,佳力图,603912,6.82,6.87,6.72,6.8,16759,22916063.0,0.77
2021-11-15,佳力图,603912,6.79,6.88,6.79,6.87,27523,37949947.0,1.27
2021-11-16,佳力图,603912,6.89,6.99,6.77,6.81,22619,31370999.0,1.04
2021-11-17,佳力图,603912,6.82,6.93,6.79,6.89,24114,33445621.0,1.11
2021-11-18,佳力图,603912,6.89,7.07,6.86,6.88,26956,37795193.0,1.24
2021-11-19,佳力图,603912,6.89,6.98,6.79,6.94,19199,26703509.0,0.89
2021-11-22,佳力图,603912,6.93,7.02,6.9,6.99,13834,19440876.0,0.64
2021-11-23,佳力图,603912,7.05,7.14,6.99,7.05,23462,33381336.0,1.08
2021-11-24,佳力图,603912,7.09,7.09,6.94,7.03,16035,22634146.0,0.74
2021-11-25,佳力图,603912,7.03,7.05,6.94,6.98,11864,16713392.0,0.55
2021-11-26,佳力图,603912,6.99,7.02,6.88,6.97,13832,19340722.0,0.64
2021-11-29,佳力图,603912,6.93,6.96,6.84,6.93,10728,14915366.0,0.49
2021-11-30,佳力图,603912,6.98,7.64,6.93,7.64,87453,130897564.0,4.03
2021-12-01,佳力图,603912,7.74,7.95,7.48,7.77,120345,186739138.0,5.55
2021-12-02,佳力图,603912,7.61,7.85,7.61,7.68,46251,71540251.0,2.13
2021-12-03,佳力图,603912,7.73,7.94,7.53,7.58,44722,68902235.0,2.06
2021-12-06,佳力图,603912,7.58,7.58,7.31,7.33,40666,60659962.0,1.87
2021-12-07,佳力图,603912,7.41,7.41,7.09,7.2,31628,45954210.0,1.46
2021-12-08,佳力图,603912,7.18,7.85,7.18,7.63,63445,96841729.0,2.93
2021-12-09,佳力图,603912,7.79,7.94,7.53,7.6,75515,117401864.0,3.48
2021-12-10,佳力图,603912,7.56,7.68,7.49,7.57,34260,52288924.0,1.58
2021-12-13,佳力图,603912,7.52,7.67,7.42,7.51,27528,41694435.0,1.27
2021-12-14,佳力图,603912,7.51,7.72,7.44,7.69,35251,54171922.0,1.63
2021-12-15,佳力图,603912,7.72,7.72,7.55,7.61,23050,35230785.0,1.06
2021-12-16,佳力图,603912,7.58,7.65,7.51,7.59,18371,27961503.0,0.85
2021-12-17,佳力图,603912,7.7,8.19,7.7,7.8,67231,106870757.0,3.1
2021-12-20,佳力图,603912,7.64,7.85,7.51,7.51,39160,60216023.0,1.81
2021-12-21,佳力图,603912,7.52,7.63,7.48,7.56,19623,29741296.0,0.9
2021-12-22,佳力图,603912,7.54,7.66,7.39,7.58,29868,45143100.0,1.38
2021-12-23,佳力图,603912,7.55,7.57,7.27,7.47,32604,48424430.0,1.5
2021-12-24,佳力图,603912,7.43,7.48,7.18,7.19,24915,36519838.0,1.15
2021-12-27,佳力图,603912,7.18,7.3,7.11,7.23,13226,19233523.0,0.61
2021-12-28,佳力图,603912,7.27,7.35,7.2,7.31,12550,18446346.0,0.58
2021-12-29,佳力图,603912,7.31,7.41,7.18,7.26,16260,23662155.0,0.75
2021-12-30,佳力图,603912,7.27,7.35,7.22,7.26,17084,25074695.0,0.79
2021-12-31,佳力图,603912,7.26,7.36,7.26,7.3,12810,18859031.0,0.59
2022-01-04,佳力图,603912,7.3,7.43,7.28,7.43,24347,36194372.0,1.12
2022-01-05,佳力图,603912,7.43,7.5,7.17,7.23,20717,30311969.0,0.96
2022-01-06,佳力图,603912,7.2,7.38,7.17,7.32,20075,29427184.0,0.93
2022-01-07,佳力图,603912,7.35,7.38,7.06,7.1,21380,31026543.0,0.99
2022-01-10,佳力图,603912,7.1,7.17,6.98,7.13,11207,16022250.0,0.52
2022-01-11,佳力图,603912,7.15,7.22,7.03,7.05,11411,16354090.0,0.53
2022-01-12,佳力图,603912,7.05,7.2,7.05,7.15,10941,15756848.0,0.5
2022-01-13,佳力图,603912,7.2,7.24,6.99,7.02,13739,19621783.0,0.63
2022-01-14,佳力图,603912,6.92,6.92,6.65,6.73,33357,45683364.0,1.54
2022-01-17,佳力图,603912,6.72,7.14,6.69,7.06,27978,39476096.0,1.29
2022-01-18,佳力图,603912,7.05,7.33,7.02,7.04,31242,45083146.0,1.44
2022-01-19,佳力图,603912,7.04,7.28,6.98,7.26,32258,46766915.0,1.49
2022-01-20,佳力图,603912,7.2,7.25,6.95,6.98,24478,34842999.0,1.13
2022-01-21,佳力图,603912,6.93,7.13,6.9,6.97,12568,17724103.0,0.58
2022-01-24,佳力图,603912,6.91,7.11,6.87,6.91,14165,19924329.0,0.65
2022-01-25,佳力图,603912,7.08,7.62,7.08,7.62,87414,133512895.0,4.03
2022-01-26,佳力图,603912,7.77,8.26,7.2,7.55,159982,248401370.0,7.38
2022-01-27,佳力图,603912,7.39,7.48,6.91,7.04,102247,147537233.0,4.71
2022-01-28,佳力图,603912,7.08,7.17,6.79,6.87,59470,83351743.0,2.74
2022-02-07,佳力图,603912,6.98,7.11,6.85,6.93,42941,60182486.0,1.98
2022-02-08,佳力图,603912,6.92,7.64,6.69,7.64,61532,90760312.0,2.84
2022-02-09,佳力图,603912,7.8,8.43,7.7,8.43,157442,253445632.0,7.26
2022-02-10,佳力图,603912,9.24,9.29,8.58,8.69,365972,669153600.0,16.87
2022-02-11,佳力图,603912,8.21,8.82,7.89,8.11,278158,457273152.0,12.82
2022-02-14,佳力图,603912,7.96,8.46,7.83,8.38,222004,365656320.0,10.24
2022-02-15,佳力图,603912,8.21,8.24,7.89,8.0,145383,234192002.0,6.7
2022-02-16,佳力图,603912,8.24,8.3,7.91,8.15,148764,241929695.0,6.86
2022-02-17,佳力图,603912,8.04,8.32,7.76,7.81,148019,237637722.0,6.82
2022-02-18,佳力图,603912,8.61,8.61,8.61,8.61,37973,65579129.0,1.75
2022-02-21,佳力图,603912,9.49,9.49,9.49,9.49,6235,11845740.0,0.29
2022-02-22,佳力图,603912,10.46,10.46,10.46,10.46,9527,19910908.0,0.44
2022-02-23,佳力图,603912,11.53,11.53,11.53,11.53,15465,35553621.0,0.71
2022-02-24,佳力图,603912,12.7,12.7,12.46,12.7,479356,1211497600.0,22.1
2022-02-25,佳力图,603912,12.21,13.99,11.6,13.0,591262,1512021536.0,27.26
2022-02-28,佳力图,603912,12.3,12.79,11.68,12.64,405208,982748656.0,18.68
2022-03-01,佳力图,603912,12.7,13.92,12.25,13.92,239434,640650720.0,11.04
2022-03-02,佳力图,603912,13.07,14.16,12.81,12.97,430301,1143617312.0,19.84
2022-03-03,佳力图,603912,12.74,13.51,12.28,13.27,377466,963595712.0,17.4
2022-03-04,佳力图,603912,12.88,12.88,11.92,11.92,336599,819121216.0,15.52
2022-03-07,佳力图,603912,10.81,11.27,10.71,10.78,263867,572561728.0,12.17
2022-03-08,佳力图,603912,10.83,11.38,10.83,10.92,254501,564600688.0,11.73
2022-03-09,佳力图,603912,10.46,11.89,9.99,11.51,326020,700688992.0,15.03
2022-03-10,佳力图,603912,11.54,11.54,10.77,10.78,266638,586656352.0,12.29
2022-03-11,佳力图,603912,10.21,10.94,10.1,10.5,183161,386777920.0,8.44
2022-03-14,佳力图,603912,10.33,10.53,10.01,10.04,167920,342796352.0,7.74
2022-03-15,佳力图,603912,10.06,10.74,9.95,10.13,216734,448576576.0,9.99
2022-03-16,佳力图,603912,10.26,10.92,10.0,10.72,270462,568620064.0,12.47
2022-03-17,佳力图,603912,10.64,11.82,10.22,11.23,352063,761461984.0,16.23
2022-03-18,佳力图,603912,10.77,10.87,10.46,10.52,204519,433308288.0,9.43
2022-03-21,佳力图,603912,10.32,10.63,10.17,10.39,142114,295713120.0,6.55
2022-03-22,佳力图,603912,10.16,10.73,10.04,10.56,193127,405452000.0,8.9
2022-03-23,佳力图,603912,10.39,10.39,9.98,10.06,154708,313249104.0,7.13
2022-03-24,佳力图,603912,10.09,11.09,9.95,11.09,274250,588332896.0,12.64
2022-03-25,佳力图,603912,11.03,11.77,10.78,10.9,378878,845635280.0,17.47
2022-03-28,佳力图,603912,9.79,10.17,9.79,9.79,232616,458166496.0,10.73
2022-03-29,佳力图,603912,9.46,9.71,9.14,9.23,205776,384354256.0,9.49
2022-03-30,佳力图,603912,9.26,9.37,9.05,9.33,136787,253252144.0,6.31
2022-03-31,佳力图,603912,9.2,9.67,9.12,9.43,164238,309069280.0,7.57
2022-04-01,佳力图,603912,9.32,9.42,9.04,9.06,136663,251332037.0,6.3
2022-04-06,佳力图,603912,8.9,9.33,8.83,9.26,101506,186178324.0,4.68
2022-04-07,佳力图,603912,9.18,9.55,8.93,8.93,120075,222265200.0,5.53
2022-04-08,佳力图,603912,8.95,9.08,8.64,8.68,98555,174437907.0,4.54
2022-04-11,佳力图,603912,8.74,8.93,8.54,8.75,85629,149381532.0,3.95
2022-04-12,佳力图,603912,8.68,8.98,8.5,8.92,97173,170815535.0,4.48
2022-04-13,佳力图,603912,8.92,8.92,8.36,8.42,94689,163233725.0,4.36
2022-04-14,佳力图,603912,8.5,8.84,8.5,8.59,78986,137245390.0,3.64
2022-04-15,佳力图,603912,8.59,9.31,8.45,8.94,182246,323758672.0,8.4
2022-04-18,佳力图,603912,8.71,9.24,8.43,9.09,151209,268393517.0,6.97
2022-04-19,佳力图,603912,9.11,9.38,8.98,9.21,141980,260869219.0,6.54
2022-04-20,佳力图,603912,9.23,9.38,8.78,8.86,124582,226242913.0,5.74
2022-04-21,佳力图,603912,8.85,8.85,8.13,8.17,115894,195646416.0,5.34
2022-04-22,佳力图,603912,8.07,8.2,7.69,7.7,91247,144935199.0,4.21
2022-04-25,佳力图,603912,7.59,7.62,7.07,7.08,84117,124567387.0,3.88
2022-04-26,佳力图,603912,7.15,7.18,6.69,6.71,76190,106487851.0,3.51
2022-04-27,佳力图,603912,6.63,7.34,6.55,7.23,97871,137315690.0,4.51
2022-04-28,佳力图,603912,7.15,7.31,7.02,7.11,69783,100186425.0,3.22
2022-04-29,佳力图,603912,7.13,7.34,7.13,7.28,67605,98836629.0,3.12
2022-05-05,佳力图,603912,7.22,7.49,7.12,7.38,59223,87650074.0,2.73
2022-05-06,佳力图,603912,7.16,7.93,7.09,7.54,110810,168953291.0,5.11
2022-05-09,佳力图,603912,7.56,7.81,7.48,7.7,76305,118020896.0,3.52
2022-05-10,佳力图,603912,7.53,7.9,7.45,7.82,69494,108428763.0,3.2
2022-05-11,佳力图,603912,7.83,8.11,7.73,7.73,93119,148317904.0,4.29
2022-05-12,佳力图,603912,7.66,7.91,7.61,7.77,50438,78679121.0,2.32
2022-05-13,佳力图,603912,7.79,7.84,7.64,7.74,37455,58195801.0,1.73
2022-05-16,佳力图,603912,7.84,7.85,7.62,7.76,38911,60491452.0,1.79
2022-05-17,佳力图,603912,7.78,8.35,7.59,8.11,131096,211461891.0,6.04
2022-05-18,佳力图,603912,8.22,8.38,7.89,8.07,111776,182908061.0,5.15
2022-05-19,佳力图,603912,7.79,7.89,7.68,7.88,76310,119549996.0,3.52
2022-05-20,佳力图,603912,7.86,8.02,7.73,7.91,70056,110891007.0,3.23
2022-05-23,佳力图,603912,7.97,8.21,7.92,8.13,87567,142233412.0,4.04
2022-05-24,佳力图,603912,8.2,8.2,7.43,7.43,100696,156874344.0,4.64
2022-05-25,佳力图,603912,7.4,7.81,7.4,7.75,64885,99997581.0,2.99
2022-05-26,佳力图,603912,7.79,8.0,7.47,7.77,64428,100507363.0,2.97
2022-05-27,佳力图,603912,7.87,7.92,7.58,7.68,48451,75210704.0,2.23
2022-05-30,佳力图,603912,7.7,7.95,7.6,7.7,38637,60102359.0,1.78
2022-05-31,佳力图,603912,7.66,7.72,7.55,7.69,37871,58194379.0,1.75
2022-06-01,佳力图,603912,7.73,7.95,7.67,7.87,56923,89716058.0,2.62
2022-06-02,佳力图,603912,7.85,8.05,7.72,7.96,59605,94577327.0,2.75
2022-06-06,佳力图,603912,7.96,8.11,7.92,8.03,51734,83381555.0,2.38
2022-06-07,佳力图,603912,8.03,8.12,7.81,7.89,44965,71458548.0,2.07
2022-06-08,佳力图,603912,7.87,8.15,7.72,8.03,87528,140375746.0,4.03
2022-06-09,佳力图,603912,8.02,8.03,7.66,7.7,63268,99391316.0,2.92
2022-06-10,佳力图,603912,7.64,7.9,7.61,7.89,45364,71265789.0,2.09
2022-06-13,佳力图,603912,7.89,8.12,7.84,8.02,52629,84420199.0,2.43
2022-06-14,佳力图,603912,7.97,7.97,7.63,7.94,47167,74108202.0,2.17
2022-06-15,佳力图,603912,7.91,8.07,7.86,8.03,61590,98620992.0,2.84
2022-06-16,佳力图,603912,8.04,8.41,7.95,8.23,118740,137104673.0,3.91
2022-06-17,佳力图,603912,8.11,8.13,7.88,8.05,106726,120550003.0,3.51
2022-06-20,佳力图,603912,8.05,8.4,8.01,8.25,123562,143355058.0,4.07
2022-06-21,佳力图,603912,8.24,8.34,8.02,8.18,90098,103973206.0,2.97
2022-06-22,佳力图,603912,8.17,8.17,7.89,7.89,74975,84580746.0,2.47
2022-06-23,佳力图,603912,7.96,8.36,7.83,8.35,145220,166813874.0,4.78
2022-06-24,佳力图,603912,8.31,8.59,8.26,8.29,110222,130441529.0,3.63
2022-06-27,佳力图,603912,8.31,8.37,8.2,8.29,64344,75179988.0,2.12
2022-06-28,佳力图,603912,8.23,8.36,8.14,8.34,62082,72731010.0,2.04
2022-06-29,佳力图,603912,8.34,8.44,8.14,8.14,80841,94364314.0,2.66
2022-06-30,佳力图,603912,8.16,8.31,8.07,8.19,63618,73422075.0,2.09
2022-07-01,佳力图,603912,8.17,8.44,8.17,8.27,83517,98060345.0,2.75
2022-07-04,佳力图,603912,8.25,8.34,8.08,8.18,58142,66846446.0,1.91
2022-07-05,佳力图,603912,8.16,8.18,7.88,8.01,71516,80859319.0,2.35
2022-07-06,佳力图,603912,8.0,8.04,7.83,7.93,38944,43541742.0,1.28
2022-07-07,佳力图,603912,7.93,7.99,7.86,7.9,33959,37967603.0,1.12
2022-07-08,佳力图,603912,7.9,8.07,7.88,7.91,48329,54487306.0,1.59
2022-07-11,佳力图,603912,7.91,7.95,7.59,7.69,53239,57935764.0,1.75
2022-07-12,佳力图,603912,7.71,7.71,7.49,7.51,40700,43440540.0,1.34
2022-07-13,佳力图,603912,7.47,7.71,7.47,7.68,38434,41431862.0,1.27
2022-07-14,佳力图,603912,7.7,7.86,7.58,7.81,40098,43991466.0,1.32
2022-07-15,佳力图,603912,7.66,7.79,7.45,7.45,61707,66071173.0,2.03
2022-07-18,佳力图,603912,7.45,7.75,7.45,7.71,50796,54975418.0,1.67
2022-07-19,佳力图,603912,7.74,7.89,7.64,7.89,53941,59606607.0,1.78
2022-07-20,佳力图,603912,7.94,7.96,7.83,7.96,46467,51912549.0,1.53
2022-07-21,佳力图,603912,7.94,8.11,7.93,7.99,52224,59322964.0,1.72
2022-07-22,佳力图,603912,8.0,8.1,7.84,7.91,38233,42891898.0,1.26
2022-07-25,佳力图,603912,7.94,8.0,7.8,7.82,33899,37748972.0,1.12
2022-07-26,佳力图,603912,7.96,8.11,7.79,8.07,61978,69616980.0,2.04
2022-07-27,佳力图,603912,8.06,8.26,7.98,8.21,89564,103041026.0,2.95
2022-07-28,佳力图,603912,8.21,8.28,8.15,8.19,67222,77979610.0,2.21
2022-07-29,佳力图,603912,8.24,8.34,8.14,8.2,52209,60621187.0,1.72
2022-08-01,佳力图,603912,8.19,8.32,8.16,8.2,44113,51196045.0,1.45
2022-08-02,佳力图,603912,8.07,8.13,7.7,7.79,60652,67380526.0,2.0
2022-08-03,佳力图,603912,7.81,8.01,7.64,7.66,49624,54938456.0,1.63
2022-08-04,佳力图,603912,7.69,7.93,7.69,7.89,46868,51853940.0,1.54
2022-08-05,佳力图,603912,7.96,7.98,7.79,7.95,40991,45620101.0,1.35
2022-08-08,佳力图,603912,7.94,8.25,7.86,8.23,58130,66545077.0,1.91
2022-08-09,佳力图,603912,8.18,8.26,8.12,8.24,42450,49189404.0,1.4
2022-08-10,佳力图,603912,8.24,8.64,8.17,8.51,107620,127915365.0,3.54
2022-08-11,佳力图,603912,8.44,8.52,8.36,8.43,69324,82394666.0,2.28
2022-08-12,佳力图,603912,8.43,8.47,8.31,8.32,50350,59499475.0,1.66
2022-08-15,佳力图,603912,8.31,8.39,8.23,8.31,32035,37528042.0,1.05
2022-08-16,佳力图,603912,8.31,8.4,8.25,8.31,38989,45813871.0,1.28
2022-08-17,佳力图,603912,8.34,8.42,8.24,8.28,33840,39612262.0,1.11
2022-08-18,佳力图,603912,8.28,8.41,8.17,8.41,45276,52932634.0,1.49
2022-08-19,佳力图,603912,8.46,8.46,8.11,8.11,62484,72725957.0,2.06
2022-08-22,佳力图,603912,8.11,8.16,8.02,8.06,40101,45677814.0,1.32
2022-08-23,佳力图,603912,8.06,8.23,7.97,8.02,49359,56358615.0,1.63
2022-08-24,佳力图,603912,8.09,8.83,8.02,8.33,266600,317597961.0,8.78
2022-08-25,佳力图,603912,8.36,9.17,8.26,9.17,346343,433361327.0,11.4
2022-08-26,佳力图,603912,9.35,10.08,9.26,9.55,559007,755948019.0,18.4
2022-08-29,佳力图,603912,9.27,9.99,8.81,9.79,361633,478082714.0,11.91
2022-08-30,佳力图,603912,9.51,9.6,9.14,9.44,263999,349586480.0,8.69
2022-08-31,佳力图,603912,9.27,9.37,8.79,8.86,207971,265328450.0,6.85
2022-09-01,佳力图,603912,8.83,9.24,8.64,8.74,202558,255558777.0,6.67
2022-09-02,佳力图,603912,8.82,9.29,8.64,9.09,244385,313048369.0,8.05
2022-09-05,佳力图,603912,9.07,9.08,8.74,8.89,163051,204117419.0,5.37
2022-09-06,佳力图,603912,8.89,8.93,8.51,8.67,163985,199834605.0,5.4
2022-09-07,佳力图,603912,8.65,8.84,8.54,8.77,135632,166579382.0,4.47
2022-09-08,佳力图,603912,8.68,8.75,8.43,8.43,116157,140498209.0,3.82
2022-09-09,佳力图,603912,8.37,8.54,8.33,8.49,66910,79811224.0,2.2
2022-09-13,佳力图,603912,8.52,8.66,8.49,8.55,67166,81158473.0,2.21
2022-09-14,佳力图,603912,8.43,8.55,8.32,8.46,57353,68178084.0,1.89
2022-09-15,佳力图,603912,8.47,8.53,7.69,7.86,133845,151551426.0,4.41
2022-09-16,佳力图,603912,7.86,7.86,7.49,7.51,88279,95259019.0,2.91
2022-09-19,佳力图,603912,7.49,7.57,7.13,7.19,75798,77791608.0,2.5
2022-09-20,佳力图,603912,7.29,7.34,7.19,7.26,44641,45819098.0,1.47
2022-09-21,佳力图,603912,7.19,7.31,7.03,7.26,46638,47424126.0,1.54
2022-09-22,佳力图,603912,7.3,7.42,7.26,7.27,58362,60454449.0,1.92
2022-09-23,佳力图,603912,7.21,7.26,7.05,7.06,53413,53903981.0,1.76
2022-09-26,佳力图,603912,6.94,7.16,6.93,6.95,48337,47933765.0,1.59
2022-09-27,佳力图,603912,6.93,7.13,6.92,7.09,42518,42272776.0,1.4
2022-09-28,佳力图,603912,7.07,7.13,6.77,6.79,50603,49403873.0,1.67
2022-09-29,佳力图,603912,6.85,6.89,6.6,6.66,43778,41641241.0,1.44
2022-09-30,佳力图,603912,6.66,6.71,6.55,6.56,35261,32998898.0,1.16
2022-10-10,佳力图,603912,6.63,6.63,6.32,6.34,36613,33329708.0,1.21
2022-10-11,佳力图,603912,6.39,6.5,6.28,6.46,37482,33948380.0,1.23
2022-10-12,佳力图,603912,6.45,7.12,6.42,7.12,118230,114728168.0,3.89
2022-10-13,佳力图,603912,7.21,7.46,7.15,7.24,149495,154369585.0,4.92
2022-10-14,佳力图,603912,7.28,7.79,7.16,7.44,140678,146567108.0,4.63
2022-10-17,佳力图,603912,7.28,7.64,7.27,7.54,101110,106850795.0,3.33
2022-10-18,佳力图,603912,7.54,7.59,7.38,7.49,70564,74621798.0,2.32
2022-10-19,佳力图,603912,7.54,7.55,7.38,7.46,60604,63923191.0,2.0
2022-10-20,佳力图,603912,7.37,7.52,7.33,7.34,57276,59953553.0,1.89
2022-10-21,佳力图,603912,7.38,7.46,7.29,7.35,39507,41165864.0,1.3
2022-10-24,佳力图,603912,7.35,7.59,7.23,7.39,67878,71383367.0,2.23
2022-10-25,佳力图,603912,7.46,7.49,7.21,7.32,53434,55462840.0,1.76
2022-10-26,佳力图,603912,7.39,7.6,7.34,7.54,71250,75453511.0,2.35
2022-10-27,佳力图,603912,7.52,7.62,7.43,7.45,54003,57466990.0,1.78
2022-10-28,佳力图,603912,7.44,7.86,7.28,7.69,154259,165320298.0,5.08
2022-10-31,佳力图,603912,7.73,8.45,7.73,8.16,207908,237557583.0,6.84
2022-11-01,佳力图,603912,8.0,8.01,7.66,7.92,150147,166648347.0,4.94
2022-11-02,佳力图,603912,7.95,8.06,7.8,8.01,122797,137264955.0,4.04
2022-11-03,佳力图,603912,7.9,8.0,7.7,7.76,87404,96631844.0,2.88
2022-11-04,佳力图,603912,7.79,7.93,7.7,7.86,69192,76370619.0,2.28
2022-11-07,佳力图,603912,7.84,7.91,7.76,7.87,62054,68754796.0,2.04
2022-11-08,佳力图,603912,7.9,7.98,7.79,7.96,79176,88556996.0,2.61
2022-11-09,佳力图,603912,7.96,7.96,7.7,7.71,74735,82363057.0,2.46
2022-11-10,佳力图,603912,7.71,7.82,7.69,7.76,47927,52446798.0,1.58
2022-11-11,佳力图,603912,7.87,7.93,7.72,7.72,62234,68512554.0,2.05
2022-11-14,佳力图,603912,7.84,7.86,7.43,7.46,73986,79637852.0,2.44
2022-11-15,佳力图,603912,7.32,7.64,7.32,7.64,64378,68764791.0,2.12
2022-11-16,佳力图,603912,7.64,7.82,7.59,7.79,75517,82341125.0,2.49
2022-11-17,佳力图,603912,7.93,7.93,7.65,7.83,79850,87870992.0,2.63
2022-11-18,佳力图,603912,7.89,8.03,7.65,7.66,93659,103878296.0,3.08
2022-11-21,佳力图,603912,7.58,7.66,7.43,7.57,58119,61815908.0,1.91
2022-11-22,佳力图,603912,7.64,7.72,7.36,7.39,59338,63110186.0,1.95
2022-11-23,佳力图,603912,7.36,7.44,7.14,7.26,52687,53922008.0,1.73
2022-11-24,佳力图,603912,7.3,7.34,7.19,7.24,29686,30450718.0,0.98
2022-11-25,佳力图,603912,7.24,7.24,7.09,7.11,35203,35592466.0,1.16
2022-11-28,佳力图,603912,7.09,7.14,7.01,7.06,35133,35108080.0,1.16
2022-11-29,佳力图,603912,7.13,7.32,7.11,7.28,40558,41422117.0,1.34
2022-11-30,佳力图,603912,7.26,7.3,7.19,7.28,32480,33252540.0,1.07
2022-12-01,佳力图,603912,7.3,7.36,7.27,7.29,42650,44057595.0,1.4
2022-12-02,佳力图,603912,7.29,7.43,7.23,7.4,44604,46533347.0,1.47
2022-12-05,佳力图,603912,7.4,7.47,7.34,7.39,35591,37180142.0,1.17
2022-12-06,佳力图,603912,7.39,7.4,7.24,7.26,35252,36336601.0,1.16
2022-12-07,佳力图,603912,7.25,7.31,7.18,7.23,31238,31949759.0,1.03
2022-12-08,佳力图,603912,7.21,7.23,7.11,7.15,29108,29416916.0,0.96
2022-12-09,佳力图,603912,7.22,7.24,7.11,7.15,27987,28304565.0,0.92
2022-12-12,佳力图,603912,7.15,7.21,7.05,7.16,27459,27647500.0,0.9
2022-12-13,佳力图,603912,7.17,7.17,7.01,7.03,27819,27798976.0,0.92
2022-12-14,佳力图,603912,7.04,7.16,7.04,7.06,21578,21624425.0,0.71
2022-12-15,佳力图,603912,7.02,7.21,7.02,7.19,38877,39386980.0,1.28
2022-12-16,佳力图,603912,7.2,7.32,7.04,7.27,61371,62330324.0,2.02
2022-12-19,佳力图,603912,7.34,8.01,7.24,8.01,184039,202423504.0,6.06
2022-12-20,佳力图,603912,8.81,8.81,8.51,8.81,289093,359055463.0,9.52
2022-12-21,佳力图,603912,7.93,8.81,7.93,8.51,384033,454377104.0,12.64
2022-12-22,佳力图,603912,8.31,9.16,8.29,8.85,388365,478504975.0,12.79
2022-12-23,佳力图,603912,8.61,9.64,8.38,8.97,379781,481268350.0,12.5
2022-12-26,佳力图,603912,8.69,9.1,8.29,9.0,306057,379426303.0,10.08
2022-12-27,佳力图,603912,8.86,8.94,8.57,8.61,247199,302891215.0,8.14
2022-12-28,佳力图,603912,8.52,9.49,8.49,9.49,370280,472332991.0,12.19
2022-12-29,佳力图,603912,9.11,10.11,8.74,8.91,522269,698474310.0,17.19
2022-12-30,佳力图,603912,8.68,9.21,8.4,8.9,339526,421238309.0,11.18
2023-01-03,佳力图,603912,8.8,9.8,8.75,9.8,196785,263800126.0,6.48
2023-01-04,佳力图,603912,10.79,10.79,10.79,10.79,28086,42690902.0,0.92
2023-01-05,佳力图,603912,11.64,11.87,10.19,10.26,675771,1061198323.0,22.25
2023-01-06,佳力图,603912,9.75,9.99,9.43,9.44,435545,594461289.0,14.34
2023-01-09,佳力图,603912,9.44,9.61,9.16,9.19,263140,346218782.0,8.66
2023-01-10,佳力图,603912,9.27,9.41,9.05,9.26,207980,270520031.0,6.85
2023-01-11,佳力图,603912,9.21,9.21,8.91,8.92,171895,219171260.0,5.66
2023-01-12,佳力图,603912,8.89,9.04,8.69,8.72,164501,205115786.0,5.42
2023-01-13,佳力图,603912,8.78,8.79,8.51,8.59,123617,150143607.0,4.07
2023-01-16,佳力图,603912,8.59,8.75,8.59,8.64,95082,116418916.0,3.13
2023-01-17,佳力图,603912,8.7,8.74,8.44,8.46,104916,126417924.0,3.45
2023-01-18,佳力图,603912,8.55,9.04,8.5,8.86,214423,266062659.0,7.06
2023-01-19,佳力图,603912,8.71,8.96,8.68,8.74,135969,168340364.0,4.48
2023-01-20,佳力图,603912,8.74,8.91,8.69,8.86,106770,133000558.0,3.52
2023-01-30,佳力图,603912,8.99,9.32,8.86,9.18,191420,246175630.0,6.3
2023-01-31,佳力图,603912,9.04,9.23,8.94,9.13,143442,183787980.0,4.72
2023-02-01,佳力图,603912,9.1,9.32,8.99,9.31,177598,229307591.0,5.85
2023-02-02,佳力图,603912,9.33,9.33,9.15,9.22,130829,169791529.0,4.31
2023-02-03,佳力图,603912,9.23,10.05,9.03,9.59,273579,367165511.0,9.01
2023-02-06,佳力图,603912,9.5,10.27,9.46,10.09,316433,439761217.0,10.42
2023-02-07,佳力图,603912,9.93,10.0,9.71,10.0,211757,294091519.0,6.97
2023-02-08,佳力图,603912,9.96,10.57,9.75,9.95,231274,329329872.0,7.61
2023-02-09,佳力图,603912,9.88,10.11,9.6,9.95,181748,252980519.0,5.98
2023-02-10,佳力图,603912,9.81,10.19,9.76,9.79,142597,199537154.0,4.69
2023-02-13,佳力图,603912,9.86,9.91,9.65,9.72,137378,188736424.0,4.52
2023-02-14,佳力图,603912,9.75,9.79,9.54,9.57,129689,175726263.0,4.27
2023-02-15,佳力图,603912,9.58,9.84,9.53,9.74,148654,204004819.0,4.89
2023-02-16,佳力图,603912,9.77,10.01,9.38,9.54,221520,303690788.0,7.29
2023-02-17,佳力图,603912,9.51,9.59,9.26,9.31,130272,172601233.0,4.29
2023-02-20,佳力图,603912,9.49,9.84,9.32,9.69,147739,199839883.0,4.86
2023-02-21,佳力图,603912,9.66,9.79,9.52,9.66,106194,144896161.0,3.5
2023-02-22,佳力图,603912,9.71,9.86,9.54,9.74,113632,155384778.0,3.74
2023-02-23,佳力图,603912,9.67,9.69,9.44,9.49,92125,124024488.0,3.03
2023-02-24,佳力图,603912,9.51,9.79,9.46,9.69,111681,152126628.0,3.68
2023-02-27,佳力图,603912,9.56,9.82,9.42,9.45,109378,147942050.0,3.6
2023-02-28,佳力图,603912,9.76,10.07,9.49,9.66,174928,240361186.0,5.76
2023-03-01,佳力图,603912,9.77,9.94,9.69,9.89,195537,271321119.0,6.44
2023-03-02,佳力图,603912,9.9,10.11,9.8,10.06,216001,304920944.0,7.11
2023-03-03,佳力图,603912,10.01,10.02,9.69,9.84,163669,226980736.0,5.39
2023-03-06,佳力图,603912,9.76,9.76,9.53,9.56,106780,144278849.0,3.52
2023-03-07,佳力图,603912,9.59,9.62,9.11,9.12,120841,158854428.0,3.98
2023-03-08,佳力图,603912,10.04,10.04,10.04,10.04,74646,105699189.0,2.46
2023-03-09,佳力图,603912,11.06,11.06,10.09,10.27,654922,991985416.0,21.56
2023-03-10,佳力图,603912,9.72,9.88,9.26,9.34,455396,611379791.0,14.99
2023-03-13,佳力图,603912,9.24,9.46,9.05,9.42,259284,338612619.0,8.54
2023-03-14,佳力图,603912,9.33,9.39,8.92,9.04,182143,234532775.0,6.0
2023-03-15,佳力图,603912,9.29,9.43,9.07,9.11,153910,199820183.0,5.07
2023-03-16,佳力图,603912,8.93,9.01,8.79,8.79,125572,157515259.0,4.13
2023-03-17,佳力图,603912,8.86,9.13,8.86,9.02,141119,179389723.0,4.65
2023-03-20,佳力图,603912,9.05,9.27,9.05,9.11,109777,142147029.0,3.61
2023-03-21,佳力图,603912,9.09,9.32,8.98,9.29,102367,132605238.0,3.37
2023-03-22,佳力图,603912,9.38,10.23,9.36,10.23,199928,282699068.0,6.58
2023-03-23,佳力图,603912,10.23,10.66,10.13,10.41,419730,612403233.0,13.82
2023-03-24,佳力图,603912,10.42,10.57,10.21,10.56,300065,439827385.0,9.88
2023-03-27,佳力图,603912,10.46,10.54,10.19,10.43,202117,295515110.0,6.65
2023-03-28,佳力图,603912,10.29,10.4,10.06,10.12,151240,218055873.0,4.98
2023-03-29,佳力图,603912,10.21,10.32,9.87,10.15,158447,225928345.0,5.22
2023-03-30,佳力图,603912,10.07,10.1,9.79,9.94,119275,167012533.0,3.93
2023-03-31,佳力图,603912,9.94,10.13,9.83,10.1,115826,164099725.0,3.81
2023-04-03,佳力图,603912,10.05,10.31,9.86,10.28,169787,243059052.0,5.59
2023-04-04,佳力图,603912,10.29,10.54,10.04,10.11,177164,255274608.0,5.83
2023-04-06,佳力图,603912,10.04,10.4,9.94,10.4,223447,322557307.0,7.36
2023-04-07,佳力图,603912,10.28,10.28,10.01,10.15,146300,208866698.0,4.82
2023-04-10,佳力图,603912,10.11,10.27,9.87,9.92,115395,163568368.0,3.8
2023-04-11,佳力图,603912,9.86,10.03,9.79,9.99,74216,103773596.0,2.44
2023-04-12,佳力图,603912,10.19,10.83,10.04,10.59,287602,422818828.0,9.47
2023-04-13,佳力图,603912,10.51,10.57,10.21,10.33,169124,247583283.0,5.57
2023-04-14,佳力图,603912,10.33,10.52,10.11,10.24,118504,171906667.0,3.9
2023-04-17,佳力图,603912,10.26,10.34,9.7,9.87,143233,199736431.0,4.72
2023-04-18,佳力图,603912,9.86,9.91,9.43,9.71,94932,129413034.0,3.13
2023-04-19,佳力图,603912,9.69,10.69,9.61,10.32,367435,541385464.0,12.1
2023-04-20,佳力图,603912,10.58,10.89,10.41,10.71,387532,581560958.0,12.76
2023-04-21,佳力图,603912,10.54,10.95,10.29,10.56,309915,462651937.0,10.2
2023-04-24,佳力图,603912,10.89,11.29,10.41,10.97,379144,576791250.0,12.48
2023-04-25,佳力图,603912,10.75,10.77,10.34,10.56,272590,406347776.0,8.97
2023-04-26,佳力图,603912,10.64,11.62,10.13,11.62,379854,586094051.0,12.51
2023-04-27,佳力图,603912,11.62,11.62,10.5,10.69,405887,636802144.0,13.36
2023-04-28,佳力图,603912,10.29,11.19,10.27,11.09,290007,444518434.0,9.55
2023-05-04,佳力图,603912,10.89,11.99,10.58,11.55,371577,586248967.0,12.23
2023-05-05,佳力图,603912,11.35,12.71,11.2,12.13,417823,699976274.0,13.76
2023-05-08,佳力图,603912,11.86,13.21,11.76,12.86,408306,707247299.0,13.44
2023-05-09,佳力图,603912,12.61,12.79,12.01,12.17,273809,477326432.0,9.01
2023-05-10,佳力图,603912,11.91,12.06,10.95,11.04,271332,439278491.0,8.93
2023-05-11,佳力图,603912,11.0,11.11,10.43,10.55,216318,326069564.0,7.12
2023-05-12,佳力图,603912,10.49,10.65,10.09,10.11,158260,230009113.0,5.21
2023-05-15,佳力图,603912,10.16,10.2,9.64,10.07,148673,207523106.0,4.89
2023-05-16,佳力图,603912,9.96,10.25,9.79,10.21,132456,187875870.0,4.36
2023-05-17,佳力图,603912,10.09,10.3,9.94,9.97,114641,163376431.0,3.77
2023-05-18,佳力图,603912,9.93,10.29,9.93,10.26,128076,183604403.0,4.22
2023-05-19,佳力图,603912,10.18,10.5,10.09,10.49,154083,225975807.0,5.07
2023-05-22,佳力图,603912,10.34,10.5,10.26,10.5,90955,133064370.0,2.99
2023-05-23,佳力图,603912,10.39,10.43,9.69,9.74,146482,207157449.0,4.82
2023-05-24,佳力图,603912,9.74,9.96,9.49,9.76,81085,112027676.0,2.67
2023-05-25,佳力图,603912,9.81,9.99,9.49,9.73,99148,135907908.0,3.26
2023-05-26,佳力图,603912,9.39,9.44,8.93,9.07,172538,221659251.0,5.68
2023-05-29,佳力图,603912,9.09,9.38,8.96,9.17,112674,145430725.0,3.71
2023-05-30,佳力图,603912,9.09,9.28,8.82,9.25,89280,114629465.0,2.94
2023-05-31,佳力图,603912,9.21,9.45,9.17,9.39,87924,116112688.0,2.89
2023-06-01,佳力图,603912,9.39,9.66,9.29,9.61,92654,124648546.0,3.05
2023-06-02,佳力图,603912,9.54,9.75,9.53,9.56,88970,120991679.0,2.93
2023-06-05,佳力图,603912,9.59,9.75,9.56,9.72,68079,93058163.0,2.24
2023-06-06,佳力图,603912,10.14,10.7,10.14,10.7,381790,571954888.0,12.57
2023-06-07,佳力图,603912,10.56,11.19,10.31,11.12,477312,724003458.0,15.71
2023-06-08,佳力图,603912,10.78,10.96,10.48,10.78,277152,417203850.0,9.12
2023-06-09,佳力图,603912,10.63,11.03,10.48,10.88,302941,328067647.0,7.12
2023-06-12,佳力图,603912,10.77,11.36,10.65,11.27,356131,396801953.0,8.37
2023-06-13,佳力图,603912,11.15,11.47,10.9,11.2,342764,384778105.0,8.06
2023-06-14,佳力图,603912,11.21,11.38,10.9,11.09,281897,312232211.0,6.63
2023-06-15,佳力图,603912,11.09,11.19,10.89,10.91,203920,224345068.0,4.8
2023-06-16,佳力图,603912,10.86,11.31,10.73,11.22,268106,298408859.0,6.3
2023-06-19,佳力图,603912,11.23,11.84,11.11,11.54,375381,432993016.0,8.83
2023-06-20,佳力图,603912,11.41,11.49,11.06,11.18,244232,274021313.0,5.74
2023-06-21,佳力图,603912,11.12,11.18,10.83,10.85,171140,187591182.0,4.02
2023-06-26,佳力图,603912,10.79,10.96,10.37,10.42,131183,138788243.0,3.08
2023-06-27,佳力图,603912,10.43,10.81,10.35,10.55,157999,165983483.0,3.72
2023-06-28,佳力图,603912,10.57,10.58,9.88,10.25,153947,155873129.0,3.62
2023-06-29,佳力图,603912,10.25,10.3,10.05,10.15,86865,88253931.0,2.04
2023-06-30,佳力图,603912,10.06,10.23,10.04,10.2,85558,86962581.0,2.01
2023-07-03,佳力图,603912,10.16,10.33,10.02,10.24,102252,104125913.0,2.4
2023-07-04,佳力图,603912,10.25,10.3,10.13,10.24,101090,103268286.0,2.38
2023-07-05,佳力图,603912,10.17,10.32,10.06,10.08,101811,103626739.0,2.39
2023-07-06,佳力图,603912,10.05,10.25,9.96,10.07,78522,79584417.0,1.85
2023-07-07,佳力图,603912,10.0,10.04,9.8,9.91,88339,87621491.0,2.08
2023-07-10,佳力图,603912,9.96,9.99,9.75,9.79,73017,71663147.0,1.72
2023-07-11,佳力图,603912,9.83,9.9,9.73,9.83,61058,59924916.0,1.44
2023-07-12,佳力图,603912,9.82,9.82,9.47,9.49,101689,97468523.0,2.39
2023-07-13,佳力图,603912,9.48,9.7,9.48,9.66,74968,71916700.0,1.76
2023-07-14,佳力图,603912,9.7,9.84,9.64,9.76,81006,79124389.0,1.9
2023-07-17,佳力图,603912,9.76,9.86,9.62,9.7,75069,72967006.0,1.77
2023-07-18,佳力图,603912,9.71,9.78,9.58,9.67,53025,51342396.0,1.25
2023-07-19,佳力图,603912,9.66,9.75,9.65,9.66,50716,49173944.0,1.19
2023-07-20,佳力图,603912,9.7,9.7,9.41,9.43,74330,70702224.0,1.75
2023-07-21,佳力图,603912,9.43,9.49,9.26,9.35,50988,47765212.0,1.2
2023-07-24,佳力图,603912,9.39,9.53,9.29,9.45,35997,33967670.0,0.85
2023-07-25,佳力图,603912,9.56,9.62,9.46,9.61,56972,54493674.0,1.34
2023-07-26,佳力图,603912,9.62,9.63,9.47,9.47,46764,44470048.0,1.1
2023-07-27,佳力图,603912,9.45,9.54,9.3,9.32,42906,40374417.0,1.01
2023-07-28,佳力图,603912,9.33,9.4,9.2,9.36,39162,36473220.0,0.92
2023-07-31,佳力图,603912,9.36,9.57,9.34,9.52,53686,50852302.0,1.26
2023-08-01,佳力图,603912,9.48,9.54,9.38,9.46,38982,36811755.0,0.92
2023-08-02,佳力图,603912,9.43,9.43,9.33,9.37,34143,31977075.0,0.8
2023-08-03,佳力图,603912,9.33,9.39,9.3,9.33,30582,28509345.0,0.72
2023-08-04,佳力图,603912,9.32,9.53,9.32,9.49,55545,52516285.0,1.31
2023-08-07,佳力图,603912,9.51,9.6,9.42,9.47,42216,40127646.0,0.99
2023-08-08,佳力图,603912,9.47,9.66,9.4,9.61,76788,73602409.0,1.81
2023-08-09,佳力图,603912,9.56,9.59,9.31,9.35,76258,71680801.0,1.79
2023-08-10,佳力图,603912,9.31,9.37,9.28,9.34,34010,31691409.0,0.8
2023-08-11,佳力图,603912,9.35,9.35,9.13,9.14,40782,37533618.0,0.96
2023-08-14,佳力图,603912,9.05,9.3,9.0,9.27,41278,37810995.0,0.97
2023-08-15,佳力图,603912,9.29,9.31,9.03,9.1,32856,30006363.0,0.77
2023-08-16,佳力图,603912,9.1,9.14,8.88,8.9,49099,43980347.0,1.15
2023-08-17,佳力图,603912,8.89,9.09,8.71,9.05,45982,41182221.0,1.08
2023-08-18,佳力图,603912,9.03,9.1,8.81,8.81,39000,34848597.0,0.92
2023-08-21,佳力图,603912,8.8,9.04,8.8,8.82,34111,30368419.0,0.8
2023-08-22,佳力图,603912,8.92,9.07,8.78,9.07,66793,59777915.0,1.57
2023-08-23,佳力图,603912,9.01,9.03,8.76,8.86,52540,46585208.0,1.24
2023-08-24,佳力图,603912,8.91,9.02,8.75,8.94,62197,55536504.0,1.46
2023-08-25,佳力图,603912,8.92,8.92,8.48,8.51,86765,74839553.0,2.04
2023-08-28,佳力图,603912,8.92,8.98,8.51,8.53,61943,54119552.0,1.46
2023-08-29,佳力图,603912,8.5,8.99,8.5,8.98,97842,86700995.0,2.3
2023-08-30,佳力图,603912,8.98,9.17,8.95,9.13,60345,54909013.0,1.42
2023-08-31,佳力图,603912,9.1,9.13,9.02,9.04,38605,35022962.0,0.91
2023-09-01,佳力图,603912,9.05,9.12,8.97,9.08,34905,31535286.0,0.82
2023-09-04,佳力图,603912,9.08,9.27,9.08,9.26,53687,49205189.0,1.26
2023-09-05,佳力图,603912,9.27,9.27,9.13,9.18,37702,34635798.0,0.89
2023-09-06,佳力图,603912,9.08,9.27,9.04,9.25,45746,42078867.0,1.08
2023-09-07,佳力图,603912,9.25,9.3,9.08,9.08,44048,40430197.0,1.04
2023-09-08,佳力图,603912,9.02,9.18,8.97,9.15,38161,34762498.0,0.9
2023-09-11,佳力图,603912,9.1,9.21,9.01,9.17,42451,38648021.0,1.0
2023-09-12,佳力图,603912,9.12,9.4,9.08,9.32,85506,79247559.0,2.01
2023-09-13,佳力图,603912,9.21,9.23,8.91,9.0,80568,72811326.0,1.89
2023-09-14,佳力图,603912,8.95,9.69,8.92,9.39,179067,167337121.0,4.21
2023-09-15,佳力图,603912,9.28,9.32,9.05,9.13,113359,103842539.0,2.67
2023-09-18,佳力图,603912,9.13,9.13,8.9,8.93,83313,74620554.0,1.96
2023-09-19,佳力图,603912,8.9,8.91,8.61,8.68,75645,65721602.0,1.78
2023-09-20,佳力图,603912,8.73,8.81,8.61,8.61,41781,36416599.0,0.98
2023-09-21,佳力图,603912,8.6,8.69,8.5,8.5,38256,32784303.0,0.9
2023-09-22,佳力图,603912,8.5,8.75,8.42,8.73,62983,54394804.0,1.48
2023-09-25,佳力图,603912,8.7,8.76,8.51,8.58,46714,40224924.0,1.1
2023-09-26,佳力图,603912,8.58,8.62,8.49,8.51,31768,27103176.0,0.75
2023-09-27,佳力图,603912,8.51,8.59,8.45,8.45,39931,33954409.0,0.94
2023-09-28,佳力图,603912,8.28,8.28,7.61,7.93,339153,267089638.0,6.26
2023-10-09,佳力图,603912,7.91,8.12,7.86,7.96,219737,175402437.0,4.06
2023-10-10,佳力图,603912,8.08,8.29,8.0,8.03,323271,262363215.0,5.97
